ticker,company,category,role,industry_class,stage,revenue_purity,valuation_models,valuation_label,model_read,currency,price,marketCap,trailingPE,forwardPE,evToEbitda,ps,pb,revenueGrowth,grossMargins,ebitdaMargins,profitMargins,fetch_error,source_url
AMZN,Amazon,1. L1 需求端 / AI 雲端 / Data Center,AWS，最大雲端算力需求端之一,軟體 / IP / 平台型,成熟複利,低到中,"EV/Sales, FCF margin, Forward PE",合理反映,大型平台估值未單靠 AI 題材脫離基本面,USD,270.64,2911304417280.0,31.653803,27.443575,19.272,3.9194918,6.586037,0.166,0.50604,0.20984,0.12224,,https://finance.yahoo.com/quote/AMZN
MSFT,Microsoft,1. L1 需求端 / AI 雲端 / Data Center,Azure，OpenAI / enterprise AI 需求核心,軟體 / IP / 平台型,成熟複利,低到中,"EV/Sales, FCF margin, Forward PE",合理反映,大型平台估值未單靠 AI 題材脫離基本面,USD,450.24,3344578379776.0,26.81596,23.28298,18.388,10.508521,8.0721445,0.183,0.68309,0.57956004,0.39341998,,https://finance.yahoo.com/quote/MSFT
GOOGL,Alphabet,1. L1 需求端 / AI 雲端 / Data Center,Google Cloud / TPU / AI infrastructure,軟體 / IP / 平台型,成熟複利,低到中,"EV/Sales, FCF margin, Forward PE",合理反映,大型平台估值未單靠 AI 題材脫離基本面,USD,380.34,4607987679232.0,28.989328,26.249208,28.374,10.906531,9.625449,0.218,0.60368,0.38181,0.37919,,https://finance.yahoo.com/quote/GOOGL
META,Meta,1. L1 需求端 / AI 雲端 / Data Center,大型自用 AI cluster 與 Llama 生態,軟體 / IP / 平台型,已獲利成長,低到中,"EV/Sales, FCF margin, Forward PE",合理反映,大型平台估值未單靠 AI 題材脫離基本面,USD,632.51,1605578129408.0,22.992002,17.490955,14.74,7.469091,6.587754,0.331,0.81941,0.5085,0.32837,,https://finance.yahoo.com/quote/META
ORCL,Oracle,1. L1 需求端 / AI 雲端 / Data Center,OCI，GPU cloud 與 enterprise AI infrastructure,軟體 / IP / 平台型,成熟複利,低到中,"EV/Sales, FCF margin, Forward PE",合理反映,大型平台估值未單靠 AI 題材脫離基本面,USD,225.78,649353691136.0,40.462364,28.108276,28.348,10.134117,19.353676,0.217,0.67084,0.42826,0.25298,,https://finance.yahoo.com/quote/ORCL
IBM,IBM,1. L1 需求端 / AI 雲端 / Data Center,Enterprise AI、hybrid cloud,軟體 / IP / 平台型,成熟複利,低到中,"EV/Sales, FCF margin, Forward PE",合理反映,大型平台估值未單靠 AI 題材脫離基本面,USD,297.8,279897833472.0,26.377323,22.133545,20.348,4.0617294,8.488441,0.095,0.58358,0.24104999,0.15606,,https://finance.yahoo.com/quote/IBM
CRWV,CoreWeave,1. L1 需求端 / AI 雲端 / Data Center,GPU cloud / AI compute pure play,軟體 / IP / 平台型,轉機 / 虧轉盈,高,"EV/Sales, FCF margin, Forward PE",偏熱,虧損但營收倍數已不低，需要毛利與現金流改善,USD,109.53,59756322816.0,,-174.68343,30.634,9.596327,12.24483,1.116,0.69375,0.48563,-0.25566,,https://finance.yahoo.com/quote/CRWV
NBIS,Nebius,1. L1 需求端 / AI 雲端 / Data Center,AI infrastructure / GPU cloud,軟體 / IP / 平台型,已獲利成長,低到中,"EV/Sales, FCF margin, Forward PE",過熱,平台型公司 PE > 55x，需要 AI monetization 明確加速,USD,231.09,58673332224.0,89.22394,639.7486,-1538.899,66.833725,8.173522,6.839,0.72058,-0.04397,0.93086,,https://finance.yahoo.com/quote/NBIS
APLD,Applied Digital,1. L1 需求端 / AI 雲端 / Data Center,AI data center / HPC infrastructure,軟體 / IP / 平台型,轉機 / 虧轉盈,低到中,"EV/Sales, FCF margin, Forward PE",極度過熱 / priced for perfection,虧損且 PS > 20x，需要高成長與快速轉盈同時成立,USD,47.28,13511183360.0,,-49.76842,1121.499,42.320045,8.532756,1.393,0.45409,0.04355,-0.59472,,https://finance.yahoo.com/quote/APLD
EQIX,Equinix,1. L1 需求端 / AI 雲端 / Data Center,Colocation / interconnection data center,軟體 / IP / 平台型,成熟複利,低到中,"EV/Sales, FCF margin, Forward PE",過熱,平台型公司 PE > 55x，需要 AI monetization 明確加速,USD,1068.04,105334644736.0,74.066574,55.559574,29.736,11.057595,7.367013,0.121,0.51606,0.44951,0.14928001,,https://finance.yahoo.com/quote/EQIX
DLR,Digital Realty,1. L1 需求端 / AI 雲端 / Data Center,Hyperscale / colocation data center REIT,軟體 / IP / 平台型,成熟複利,低到中,"EV/Sales, FCF margin, Forward PE",過熱,平台型公司 PE > 55x，需要 AI monetization 明確加速,USD,190.0,67962822656.0,50.531914,66.33754,29.95,10.763748,2.928619,0.167,0.55342996,0.4575,0.21823,,https://finance.yahoo.com/quote/DLR
CORZ,Core Scientific,1. L1 需求端 / AI 雲端 / Data Center,AI/HPC hosting 與資料中心轉型,軟體 / IP / 平台型,已獲利成長,低到中,"EV/Sales, FCF margin, Forward PE",過熱,平台型公司 PE > 55x，需要 AI monetization 明確加速,USD,26.85,8535219712.0,,85.2381,-100.123,24.06063,-6.5169907,0.449,0.2156,-0.2727,0.0,,https://finance.yahoo.com/quote/CORZ
IREN,IREN,1. L1 需求端 / AI 雲端 / Data Center,AI/HPC data center 與 power-linked compute,軟體 / IP / 平台型,轉機 / 虧轉盈,低到中,"EV/Sales, FCF margin, Forward PE",極度過熱 / priced for perfection,虧損且 PS > 20x，需要高成長與快速轉盈同時成立,USD,63.54,22707843072.0,82.519485,-67.59575,166.192,29.994219,8.394769,-0.0,0.68397003,0.19440001,0.20877,,https://finance.yahoo.com/quote/IREN
WULF,TeraWulf,1. L1 需求端 / AI 雲端 / Data Center,Power-linked compute / HPC hosting,軟體 / IP / 平台型,成熟複利,低到中,"EV/Sales, FCF margin, Forward PE",極度過熱 / priced for perfection,PS > 20x 且成長未足以吸收估值,USD,25.56,12665814016.0,,138.16216,-106.043,75.36394,76.52695,-0.011,0.64018995,-0.86137,0.0,,https://finance.yahoo.com/quote/WULF
CIFR,Cipher Mining,1. L1 需求端 / AI 雲端 / Data Center,Data center / compute infrastructure optionality,軟體 / IP / 平台型,成熟複利,低到中,"EV/Sales, FCF margin, Forward PE",極度過熱 / priced for perfection,PS > 20x 且成長未足以吸收估值,USD,23.65,9674012672.0,,35.298508,82.808,46.10603,13.422248,-0.288,0.12375,0.79029,0.0,,https://finance.yahoo.com/quote/CIFR
NVDA,NVIDIA,2. L2 AI 晶片 / ASIC / CPU / 電源 IC,AI GPU、rack-scale platform、networking,半導體設備 / 高毛利瓶頸股,已獲利成長,高,"Forward PE, PEG, EV/EBITDA",合理反映,估值與高毛利設備/晶片股大致相符,USD,211.14,5114022068224.0,32.383434,16.681019,30.627,20.174374,32.623608,0.852,0.74144995,0.65294,0.62966,,https://finance.yahoo.com/quote/NVDA
AMD,AMD,2. L2 AI 晶片 / ASIC / CPU / 電源 IC,AI GPU、CPU、accelerator 替代供應,半導體設備 / 高毛利瓶頸股,已獲利成長,中高,"Forward PE, PEG, EV/EBITDA",過熱,EV/EBITDA > 80x，估值需多年高成長與高 margin 同時支撐,USD,516.1,841552887808.0,172.60869,39.82394,112.123,22.468971,13.050294,0.378,0.5306,0.19838,0.13374,,https://finance.yahoo.com/quote/AMD
AVGO,Broadcom,2. L2 AI 晶片 / ASIC / CPU / 電源 IC,Custom ASIC、switch silicon、connectivity,半導體設備 / 高毛利瓶頸股,已獲利成長,中高,"Forward PE, PEG, EV/EBITDA",合理反映,估值與高毛利設備/晶片股大致相符,USD,446.77,2115307700224.0,86.920235,24.227072,58.23,30.978994,26.490957,0.295,0.76725996,0.54506,0.36571997,,https://finance.yahoo.com/quote/AVGO
MRVL,Marvell,2. L2 AI 晶片 / ASIC / CPU / 電源 IC,Custom silicon、optical DSP、data center silicon,半導體設備 / 高毛利瓶頸股,已獲利成長,中高,"Forward PE, PEG, EV/EBITDA",偏熱,PE > 30x 已反映明顯 AI / 製程升級期待,USD,205.0,179334004736.0,70.44673,33.7438,66.655,20.572668,12.139516,0.276,0.51502997,0.31111,0.28986,,https://finance.yahoo.com/quote/MRVL
INTC,Intel,2. L2 AI 晶片 / ASIC / CPU / 電源 IC,CPU、foundry、accelerator、networking,半導體設備 / 高毛利瓶頸股,轉機 / 虧轉盈,中,"Forward PE, PEG, EV/EBITDA",過熱,虧損且 PS > 10x，估值仰賴明確轉盈路徑,USD,114.68,576381648896.0,,74.48107,42.488,10.720787,5.171123,0.072,0.372,0.26364002,-0.05904,,https://finance.yahoo.com/quote/INTC
ARM,Arm,2. L2 AI 晶片 / ASIC / CPU / 電源 IC,CPU IP、data center CPU ecosystem,半導體設備 / 高毛利瓶頸股,成熟複利,中,"Forward PE, PEG, EV/EBITDA",過熱,EV/EBITDA > 80x，估值需多年高成長與高 margin 同時支撐,USD,353.29,377341575168.0,415.63528,115.63715,351.49,76.69544,45.369205,0.201,0.97541,0.2164,0.18374,,https://finance.yahoo.com/quote/ARM
QCOM,Qualcomm,2. L2 AI 晶片 / ASIC / CPU / 電源 IC,AI inference、edge/data center optionality,半導體設備 / 高毛利瓶頸股,成熟複利,中,"Forward PE, PEG, EV/EBITDA",合理反映,估值與高毛利設備/晶片股大致相符,USD,251.02,264575090688.0,27.020452,23.6006,20.774,5.9473786,9.745322,-0.035,0.54799,0.2922,0.22308001,,https://finance.yahoo.com/quote/QCOM
ALAB,Astera Labs,2. L2 AI 晶片 / ASIC / CPU / 電源 IC,PCIe/CXL retimer、connectivity,半導體設備 / 高毛利瓶頸股,已獲利成長,高,"Forward PE, PEG, EV/EBITDA",過熱,EV/EBITDA > 80x，估值需多年高成長與高 margin 同時支撐,USD,342.85,58767212544.0,233.2313,81.50114,246.908,58.682476,39.308643,0.934,0.75988996,0.23305,0.26724002,,https://finance.yahoo.com/quote/ALAB
MPWR,Monolithic Power,2. L2 AI 晶片 / ASIC / CPU / 電源 IC,Power management IC,半導體設備 / 高毛利瓶頸股,已獲利成長,中,"Forward PE, PEG, EV/EBITDA",過熱,EV/EBITDA > 80x，估值需多年高成長與高 margin 同時支撐,USD,1566.21,76947898368.0,112.35366,51.932003,88.195,26.021494,20.924091,0.261,0.55175,0.28988,0.22984,,https://finance.yahoo.com/quote/MPWR
ADI,Analog Devices,2. L2 AI 晶片 / ASIC / CPU / 電源 IC,Analog / power / signal chain,半導體設備 / 高毛利瓶頸股,已獲利成長,中,"Forward PE, PEG, EV/EBITDA",合理反映,估值與高毛利設備/晶片股大致相符,USD,413.85,201580969984.0,61.768658,28.013319,33.638,15.822442,5.974189,0.372,0.64491,0.48268002,0.26007998,,https://finance.yahoo.com/quote/ADI
TXN,Texas Instruments,2. L2 AI 晶片 / ASIC / CPU / 電源 IC,Analog / embedded / power IC,半導體設備 / 高毛利瓶頸股,成熟複利,中,"Forward PE, PEG, EV/EBITDA",偏熱,PE > 30x 已反映明顯 AI / 製程升級期待,USD,305.68,278197174272.0,52.342464,32.47213,33.138,15.08825,16.579702,0.186,0.57322,0.46995,0.29108,,https://finance.yahoo.com/quote/TXN
MCHP,Microchip,2. L2 AI 晶片 / ASIC / CPU / 電源 IC,MCU、timing、control、connectivity,半導體設備 / 高毛利瓶頸股,已獲利成長,中,"Forward PE, PEG, EV/EBITDA",合理反映,估值與高毛利設備/晶片股大致相符,USD,94.65,51307806720.0,430.2273,23.13457,46.518,10.886212,7.9678426,0.351,0.57735,0.25866,0.048800003,,https://finance.yahoo.com/quote/MCHP
TSM,TSMC,3. L3 半導體製造 / 記憶體,先進製程晶圓代工、AI GPU/ASIC 核心,封測 / 代工 / 資本密集,已獲利成長,中高,"EV/EBITDA, ROIC, normalized PE",資料不足,需要利用率、折舊與 capex 後 FCF 支持,USD,418.45,2170280083456.0,35.8569,21.44058,3.012,0.52883303,64.00909,0.351,0.61873,0.69593,0.46505,,https://finance.yahoo.com/quote/TSM
005930.KS,Samsung Electronics,3. L3 半導體製造 / 記憶體,Memory、foundry、HBM 競爭者,封測 / 代工 / 資本密集,已獲利成長,中,"EV/EBITDA, ROIC, normalized PE",合理反映,EV/EBITDA 落在可解釋區間，需追蹤利用率與 capex,KRW,317000.0,2081600594509824.0,,5.9372644,14.109,5.3602686,,0.692,0.47678003,0.36214,0.21459,,https://finance.yahoo.com/quote/005930.KS
000660.KS,SK hynix,3. L3 半導體製造 / 記憶體,HBM 領先供應商,封測 / 代工 / 資本密集,已獲利成長,中高,"EV/EBITDA, ROIC, normalized PE",合理反映,EV/EBITDA 落在可解釋區間，需追蹤利用率與 capex,KRW,2333000.0,1656091473608704.0,,6.1025953,17.668,12.538186,,1.981,0.68342,0.69418,0.5689,,https://finance.yahoo.com/quote/000660.KS
MU,Micron,3. L3 半導體製造 / 記憶體,HBM、DRAM、NAND，美系記憶體核心,封測 / 代工 / 資本密集,已獲利成長,中高,"EV/EBITDA, ROIC, normalized PE",過熱,資本密集模式 EV/EBITDA > 25x，需要高利用率多年維持,USD,971.0,1095029751808.0,45.86679,9.222632,29.651,18.841166,15.115899,1.963,0.58437,0.63324,0.41486,,https://finance.yahoo.com/quote/MU
GFS,GlobalFoundries,3. L3 半導體製造 / 記憶體,Specialty foundry,封測 / 代工 / 資本密集,成熟複利,中,"EV/EBITDA, ROIC, normalized PE",資料不足,需要利用率、折舊與 capex 後 FCF 支持,USD,79.97,43856863232.0,50.936306,31.831009,20.97,6.4118223,3.7507625,0.031,0.26111,0.29722,0.11374,,https://finance.yahoo.com/quote/GFS
UMC,UMC,3. L3 半導體製造 / 記憶體,Mature-node foundry,封測 / 代工 / 資本密集,成熟複利,中,"EV/EBITDA, ROIC, normalized PE",資料不足,需要利用率、折舊與 capex 後 FCF 支持,USD,22.18,55655976960.0,35.20635,27.587408,2.123,0.23119462,4.3155994,0.055,0.29609,0.43205002,0.20816,,https://finance.yahoo.com/quote/UMC
2303.TW,聯電,3. L3 半導體製造 / 記憶體,Mature-node foundry,封測 / 代工 / 資本密集,成熟複利,中,"EV/EBITDA, ROIC, normalized PE",合理反映,EV/EBITDA 落在可解釋區間，需追蹤利用率與 capex,TWD,144.5,1812959723520.0,36.675125,27.135897,16.917,7.531025,4.4692564,0.055,0.29609,0.43205002,0.20816,,https://finance.yahoo.com/quote/2303.TW
WDC,Western Digital,3. L3 半導體製造 / 記憶體,NAND / storage,封測 / 代工 / 資本密集,已獲利成長,中,"EV/EBITDA, ROIC, normalized PE",過熱,資本密集模式 EV/EBITDA > 25x，需要高利用率多年維持,USD,531.21,183098605568.0,31.751945,30.159443,46.229,15.547134,25.398518,0.455,0.45428002,0.33353,0.55286,,https://finance.yahoo.com/quote/WDC
STX,Seagate,3. L3 半導體製造 / 記憶體,HDD / enterprise storage,封測 / 代工 / 資本密集,已獲利成長,中,"EV/EBITDA, ROIC, normalized PE",過熱,資本密集模式 EV/EBITDA > 25x，需要高利用率多年維持,USD,879.8,199056605184.0,83.31439,33.26724,57.003,18.079618,418.15588,0.441,0.41571,0.31916,0.21599,,https://finance.yahoo.com/quote/STX
6723.T,Renesas,3. L3 半導體製造 / 記憶體,MCU、power、industrial semiconductor,封測 / 代工 / 資本密集,轉機 / 虧轉盈,中,"EV/EBITDA, ROIC, normalized PE",偏熱,虧損但營收倍數已不低，需要毛利與現金流改善,JPY,4500.0,8164326506496.0,,17.485472,24.489,5.8621116,3.2133307,0.232,0.58133,0.26584998,-0.00691,,https://finance.yahoo.com/quote/6723.T
0981.HK,SMIC,3. L3 半導體製造 / 記憶體,中國晶圓代工,封測 / 代工 / 資本密集,成熟複利,中,"EV/EBITDA, ROIC, normalized PE",過熱,資本密集模式 EV/EBITDA > 25x，需要高利用率多年維持,HKD,81.6,653870956544.0,116.57143,59.364395,106.144,68.217545,4.0356746,0.115,0.20389,0.47807,0.072459996,,https://finance.yahoo.com/quote/0981.HK
ASML,ASML,4. L3 半導體設備 / EDA / 測試,EUV / lithography,半導體設備 / 高毛利瓶頸股,成熟複利,中,"Forward PE, EV/EBITDA, Reverse DCF",偏熱,PE > 30x 已反映明顯 AI / 製程升級期待,USD,1612.76,621586219008.0,53.758667,33.82436,48.478,18.44869,1427.0149,0.132,0.52603,0.37707,0.29713,,https://finance.yahoo.com/quote/ASML
AMAT,Applied Materials,4. L3 半導體設備 / EDA / 測試,Deposition、etch、materials engineering,半導體設備 / 高毛利瓶頸股,成熟複利,中,"Forward PE, EV/EBITDA, Reverse DCF",合理反映,估值與高毛利設備/晶片股大致相符,USD,450.06,357329371136.0,42.378532,27.833576,38.421,12.311514,14.945208,0.114,0.48956,0.31956,0.29314,,https://finance.yahoo.com/quote/AMAT
LRCX,Lam Research,4. L3 半導體設備 / EDA / 測試,Etch / deposition,半導體設備 / 高毛利瓶頸股,成熟複利,中,"Forward PE, EV/EBITDA, Reverse DCF",偏熱,PE > 30x 已反映明顯 AI / 製程升級期待,USD,318.18,397906673664.0,60.26136,40.06129,50.574,18.352068,37.592155,0.238,0.49979,0.36195,0.30938998,,https://finance.yahoo.com/quote/LRCX
KLAC,KLA,4. L3 半導體設備 / EDA / 測試,Process control / inspection,半導體設備 / 高毛利瓶頸股,成熟複利,中,"Forward PE, EV/EBITDA, Reverse DCF",偏熱,PE > 30x 已反映明顯 AI / 製程升級期待,USD,1921.71,251028209664.0,54.347,38.54616,43.112,19.167345,43.08187,0.115,0.61446,0.44669998,0.35661998,,https://finance.yahoo.com/quote/KLAC
8035.T,Tokyo Electron,4. L3 半導體設備 / EDA / 測試,半導體製程設備,半導體設備 / 高毛利瓶頸股,成熟複利,中,"Forward PE, EV/EBITDA, Reverse DCF",偏熱,PE > 30x 已反映明顯 AI / 製程升級期待,JPY,52420.0,23946357374976.0,41.84094,40.946728,33.042,9.7998905,11.518497,0.086,0.45339,0.28904,0.23509,,https://finance.yahoo.com/quote/8035.T
ASM.AS,ASM International,4. L3 半導體設備 / EDA / 測試,ALD / epitaxy,半導體設備 / 高毛利瓶頸股,成熟複利,中,"Forward PE, EV/EBITDA, Reverse DCF",偏熱,PE > 30x 已反映明顯 AI / 製程升級期待,EUR,898.4,43919249408.0,44.65209,33.273743,39.433,13.739794,10.240862,0.028,0.51794,0.34122002,0.31006,,https://finance.yahoo.com/quote/ASM.AS
6146.T,Disco,4. L3 半導體設備 / EDA / 測試,Dicing / grinding,半導體設備 / 高毛利瓶頸股,成熟複利,中,"Forward PE, EV/EBITDA, Reverse DCF",過熱,PE > 45x，需 backlog、ASP、毛利率持續兌現,JPY,65090.0,7059793248256.0,52.083252,47.82724,34.076,16.159239,12.011415,,0.7015,0.45512,0.3102,,https://finance.yahoo.com/quote/6146.T
6857.T,Advantest,4. L3 半導體設備 / EDA / 測試,Semiconductor test,半導體設備 / 高毛利瓶頸股,已獲利成長,中,"Forward PE, EV/EBITDA, Reverse DCF",極度過熱 / priced for perfection,高毛利瓶頸股 PE > 65x，需成長與高終值倍數同時成立,JPY,26170.0,18983352795136.0,51.020607,110.08287,35.574,16.820118,23.860909,0.412,0.64335996,0.46493998,0.33258,,https://finance.yahoo.com/quote/6857.T
TER,Teradyne,4. L3 半導體設備 / EDA / 測試,Semiconductor test,半導體設備 / 高毛利瓶頸股,已獲利成長,中,"Forward PE, EV/EBITDA, Reverse DCF",偏熱,PE > 30x 已反映明顯 AI / 製程升級期待,USD,374.31,58595295232.0,69.44527,39.3463,50.309,15.47341,20.89833,0.87,0.58702,0.30671,0.22553,,https://finance.yahoo.com/quote/TER
7735.T,SCREEN,4. L3 半導體設備 / EDA / 測試,Cleaning / process equipment,半導體設備 / 高毛利瓶頸股,成熟複利,中,"Forward PE, EV/EBITDA, Reverse DCF",未充分反映,估值低於高品質設備股常態且仍有成長,JPY,11120.0,2102656630784.0,22.830862,12.71293,13.724,3.4711738,4.321412,0.091,0.38494,0.22633,0.15188,,https://finance.yahoo.com/quote/7735.T
SNPS,Synopsys,4. L3 半導體設備 / EDA / 測試,EDA / IP,半導體設備 / 高毛利瓶頸股,已獲利成長,中,"Forward PE, EV/EBITDA, Reverse DCF",合理反映,估值與高毛利設備/晶片股大致相符,USD,475.62,91071397888.0,108.589035,27.633432,58.616,10.4928465,2.987544,0.419,0.82598996,0.19543,0.089090005,,https://finance.yahoo.com/quote/SNPS
CDNS,Cadence,4. L3 半導體設備 / EDA / 測試,EDA / simulation,半導體設備 / 高毛利瓶頸股,成熟複利,中,"Forward PE, EV/EBITDA, Reverse DCF",偏熱,PE > 30x 已反映明顯 AI / 製程升級期待,USD,374.93,103411687424.0,87.80562,39.949917,52.104,18.704817,15.760646,0.187,0.86079,0.36433,0.21180001,,https://finance.yahoo.com/quote/CDNS
ANSS,Ansys,4. L3 半導體設備 / EDA / 測試,Simulation / multiphysics,半導體設備 / 高毛利瓶頸股,早期高成長,中,"Forward PE, EV/EBITDA, Reverse DCF",資料不足,缺少可用的 PE / EV/EBITDA / PS / PB 基礎,,,,,,,,,,,,,,https://finance.yahoo.com/quote/ANSS
KEYS,Keysight,4. L3 半導體設備 / EDA / 測試,Test and measurement,半導體設備 / 高毛利瓶頸股,已獲利成長,中,"Forward PE, EV/EBITDA, Reverse DCF",合理反映,估值與高毛利設備/晶片股大致相符,USD,338.33,57765953536.0,54.30658,28.535738,38.24,9.488494,9.138373,0.315,0.63666,0.25,0.17312999,,https://finance.yahoo.com/quote/KEYS
ENTG,Entegris,4. L3 半導體設備 / EDA / 測試,Materials / filtration / contamination control,半導體設備 / 高毛利瓶頸股,成熟複利,中,"Forward PE, EV/EBITDA, Reverse DCF",偏熱,PE > 30x 已反映明顯 AI / 製程升級期待,USD,138.79,21137715200.0,80.225426,30.01942,27.796,6.5334635,5.332744,0.05,0.44775,0.27222002,0.08182,,https://finance.yahoo.com/quote/ENTG
MKSI,MKS,4. L3 半導體設備 / EDA / 測試,Process subsystems / photonics / vacuum,半導體設備 / 高毛利瓶頸股,成熟複利,中,"Forward PE, EV/EBITDA, Reverse DCF",合理反映,估值與高毛利設備/晶片股大致相符,USD,324.26,21901858816.0,67.979034,21.695917,27.232,5.3773284,7.7633595,0.152,0.46648997,0.23103,0.08028,,https://finance.yahoo.com/quote/MKSI
ICHR,Ichor,4. L3 半導體設備 / EDA / 測試,Fluid delivery subsystems,半導體設備 / 高毛利瓶頸股,轉機 / 虧轉盈,中,"Forward PE, EV/EBITDA, Reverse DCF",資料不足,虧損公司需要 breakeven revenue / cash burn 資料,USD,71.52,2493691392.0,,27.372303,94.264,2.5996127,3.7095432,0.047,0.11995,0.02826,-0.05284,,https://finance.yahoo.com/quote/ICHR
AEIS,Advanced Energy,4. L3 半導體設備 / EDA / 測試,Power conversion for semiconductor equipment,半導體設備 / 高毛利瓶頸股,已獲利成長,中,"Forward PE, EV/EBITDA, Reverse DCF",合理反映,估值與高毛利設備/晶片股大致相符,USD,302.18,12090420224.0,62.823284,25.70152,38.9,6.346011,8.294356,0.263,0.39004,0.15484,0.099989995,,https://finance.yahoo.com/quote/AEIS
3711.TW,日月光投控,5. L3 先進封裝 / ABF / PCB / CCL,OSAT / advanced packaging,封測 / 代工 / 資本密集,成熟複利,中,"EV/EBITDA, utilization scenario",資料不足,需要利用率、折舊與 capex 後 FCF 支持,TWD,611.0,2681001738240.0,59.901962,26.245436,22.712,3.9961474,7.6474414,0.172,0.18505,0.18742001,0.07043,,https://finance.yahoo.com/quote/3711.TW
AMKR,Amkor,5. L3 先進封裝 / ABF / PCB / CCL,OSAT / advanced packaging,封測 / 代工 / 資本密集,已獲利成長,中,"EV/EBITDA, utilization scenario",合理反映,EV/EBITDA 落在可解釋區間，需追蹤利用率與 capex,USD,69.56,17242011648.0,39.97701,28.369255,14.263,2.4383752,3.8025475,0.275,0.14425999,0.16902,0.061680004,,https://finance.yahoo.com/quote/AMKR
4062.T,Ibiden,5. L3 先進封裝 / ABF / PCB / CCL,ABF substrate,封測 / 代工 / 資本密集,成熟複利,中,"EV/EBITDA, utilization scenario",過熱,資本密集模式 EV/EBITDA > 25x，需要高利用率多年維持,JPY,23000.0,6422647537664.0,107.526886,74.4433,50.861,15.4316,11.676057,0.186,0.31636,0.29888,0.15308,,https://finance.yahoo.com/quote/4062.T
3037.TW,欣興,5. L3 先進封裝 / ABF / PCB / CCL,ABF / PCB,封測 / 代工 / 資本密集,成熟複利,中,"EV/EBITDA, utilization scenario",過熱,資本密集模式 EV/EBITDA > 25x，需要高利用率多年維持,TWD,1055.0,1661117792256.0,243.64897,35.805508,63.041,11.985167,14.779015,0.245,0.15145999,0.19195999,0.07793,,https://finance.yahoo.com/quote/3037.TW
8046.TW,南電,5. L3 先進封裝 / ABF / PCB / CCL,ABF substrate,封測 / 代工 / 資本密集,已獲利成長,中,"EV/EBITDA, utilization scenario",過熱,資本密集模式 EV/EBITDA > 25x，需要高利用率多年維持,TWD,848.0,547948331008.0,285.52188,30.2928,53.684,12.775012,11.731667,0.321,0.1163,0.23423,0.07106,,https://finance.yahoo.com/quote/8046.TW
3189.TW,景碩,5. L3 先進封裝 / ABF / PCB / CCL,IC substrate,封測 / 代工 / 資本密集,已獲利成長,中,"EV/EBITDA, utilization scenario",過熱,資本密集模式 EV/EBITDA > 25x，需要高利用率多年維持,TWD,729.0,384121602048.0,217.61195,35.527355,38.404,9.181535,9.278468,0.288,0.20849001,0.24954,0.04468,,https://finance.yahoo.com/quote/3189.TW
6967.T,Shinko,5. L3 先進封裝 / ABF / PCB / CCL,IC substrate / packaging,封測 / 代工 / 資本密集,早期高成長,中,"EV/EBITDA, utilization scenario",資料不足,缺少可用的 PE / EV/EBITDA / PS / PB 基礎,,,,,,,,,,,,,,https://finance.yahoo.com/quote/6967.T
2313.TW,華通,5. L3 先進封裝 / ABF / PCB / CCL,PCB,封測 / 代工 / 資本密集,成熟複利,中,"EV/EBITDA, utilization scenario",過熱,資本密集模式 EV/EBITDA > 25x，需要高利用率多年維持,TWD,284.5,339072942080.0,51.821495,22.778223,29.77,4.302199,9.133519,0.168,0.18733999,0.18142,0.08574,,https://finance.yahoo.com/quote/2313.TW
2316.TW,楠梓電,5. L3 先進封裝 / ABF / PCB / CCL,PCB,封測 / 代工 / 資本密集,成熟複利,中,"EV/EBITDA, utilization scenario",資料不足,需要利用率、折舊與 capex 後 FCF 支持,TWD,168.5,30571798528.0,12.612276,,-617.714,7.856136,2.2226913,0.174,0.01546,-0.0128999995,0.71976995,,https://finance.yahoo.com/quote/2316.TW
3044.TW,健鼎,5. L3 先進封裝 / ABF / PCB / CCL,PCB,封測 / 代工 / 資本密集,成熟複利,中,"EV/EBITDA, utilization scenario",合理反映,EV/EBITDA 落在可解釋區間，需追蹤利用率與 capex,TWD,521.0,273840734208.0,26.883387,14.993501,13.741,3.5455165,4.696952,0.224,0.26251,0.23587,0.14003,,https://finance.yahoo.com/quote/3044.TW
2368.TW,金像電,5. L3 先進封裝 / ABF / PCB / CCL,AI server PCB,封測 / 代工 / 資本密集,已獲利成長,中,"EV/EBITDA, utilization scenario",過熱,資本密集模式 EV/EBITDA > 25x，需要高利用率多年維持,TWD,1320.0,667098939392.0,69.43713,21.692087,36.497,9.91916,19.112154,0.601,0.33647,0.26920998,0.16857,,https://finance.yahoo.com/quote/2368.TW
2383.TW,台光電,5. L3 先進封裝 / ABF / PCB / CCL,CCL,封測 / 代工 / 資本密集,已獲利成長,中,"EV/EBITDA, utilization scenario",過熱,資本密集模式 EV/EBITDA > 25x，需要高利用率多年維持,TWD,5120.0,1834603511808.0,111.11111,32.87093,77.996,17.365282,38.26664,0.525,0.29588,0.22301,0.15637,,https://finance.yahoo.com/quote/2383.TW
6213.TW,聯茂,5. L3 先進封裝 / ABF / PCB / CCL,CCL,封測 / 代工 / 資本密集,成熟複利,中,"EV/EBITDA, utilization scenario",過熱,資本密集模式 EV/EBITDA > 25x，需要高利用率多年維持,TWD,268.5,97590951936.0,65.80882,22.88464,26.383,2.8155603,4.6254826,0.206,0.13701999,0.10813,0.042930003,,https://finance.yahoo.com/quote/6213.TW
TTMI,TTM Technologies,5. L3 先進封裝 / ABF / PCB / CCL,PCB / aerospace and data center exposure,封測 / 代工 / 資本密集,已獲利成長,中,"EV/EBITDA, utilization scenario",過熱,資本密集模式 EV/EBITDA > 25x，需要高利用率多年維持,USD,173.72,18040832000.0,94.41304,32.17037,42.551,5.812773,10.190649,0.304,0.21004,0.14141,0.06291,,https://finance.yahoo.com/quote/TTMI
ROG,Rogers,5. L3 先進封裝 / ABF / PCB / CCL,High-performance materials,封測 / 代工 / 資本密集,轉機 / 虧轉盈,中,"EV/EBITDA, utilization scenario",資料不足,虧損公司需要 breakeven revenue / cash burn 資料,USD,141.52,2525924864.0,,32.409134,19.982,3.0773938,2.1067674,0.052,0.32212,0.14388,-0.0681,,https://finance.yahoo.com/quote/ROG
DELL,Dell,6. L2/L3 AI Server / ODM / Rack,AI server / enterprise infrastructure,ODM / EMS / 低毛利代工,已獲利成長,中高,"EV/EBITDA, EV/EBIT, FCF conversion",偏熱,EV/EBITDA 偏高，需要訂單與現金轉換支持,USD,420.91,273409769472.0,48.547867,21.199621,21.033,2.040341,-111.116684,0.875,0.19173999,0.103870004,0.062750004,,https://finance.yahoo.com/quote/DELL
HPE,HPE,6. L2/L3 AI Server / ODM / Rack,AI server / HPC / networking,ODM / EMS / 低毛利代工,轉機 / 虧轉盈,中,"EV/EBITDA, EV/EBIT, FCF conversion",資料不足,虧損公司需要 breakeven revenue / cash burn 資料,USD,43.04,57107804160.0,,15.752412,15.13,1.597734,2.3087652,0.184,0.32071,0.13681,-0.0033000002,,https://finance.yahoo.com/quote/HPE
SMCI,Super Micro,6. L2/L3 AI Server / ODM / Rack,AI server / rack-scale systems,ODM / EMS / 低毛利代工,已獲利成長,高,"EV/EBITDA, EV/EBIT, FCF conversion",偏熱,EV/EBITDA 偏高，需要訂單與現金轉換支持,USD,46.09,27719378944.0,24.257895,14.313531,22.529,0.8225285,3.6588075,1.227,0.08394,0.04684,0.03701,,https://finance.yahoo.com/quote/SMCI
2382.TW,廣達,6. L2/L3 AI Server / ODM / Rack,AI server ODM,ODM / EMS / 低毛利代工,已獲利成長,中,"EV/EBITDA, EV/EBIT, FCF conversion",合理反映,低毛利模式估值尚未明顯脫離 earnings / EBITDA 基礎,TWD,339.0,1306681671680.0,17.917547,12.006818,15.963,0.53394127,6.2978377,0.666,0.060700003,0.03948,0.03133,,https://finance.yahoo.com/quote/2382.TW
3231.TW,緯創,6. L2/L3 AI Server / ODM / Rack,AI server ODM,ODM / EMS / 低毛利代工,已獲利成長,中,"EV/EBITDA, EV/EBIT, FCF conversion",合理反映,低毛利模式估值尚未明顯脫離 earnings / EBITDA 基礎,TWD,158.5,504095277056.0,18.86905,9.07874,9.052,0.18765129,2.6505904,1.443,0.056220002,0.03877,0.0117999995,,https://finance.yahoo.com/quote/3231.TW
2356.TW,英業達,6. L2/L3 AI Server / ODM / Rack,Server ODM,ODM / EMS / 低毛利代工,已獲利成長,中,"EV/EBITDA, EV/EBIT, FCF conversion",合理反映,低毛利模式估值尚未明顯脫離 earnings / EBITDA 基礎,TWD,70.2,251840724992.0,29.128628,20.290306,17.62,0.34288934,3.4287386,0.276,0.051030003,0.02276,0.01283,,https://finance.yahoo.com/quote/2356.TW
2317.TW,鴻海,6. L2/L3 AI Server / ODM / Rack,AI server / rack / electronics manufacturing,ODM / EMS / 低毛利代工,已獲利成長,中,"EV/EBITDA, EV/EBIT, FCF conversion",合理反映,低毛利模式估值尚未明顯脫離 earnings / EBITDA 基礎,TWD,289.0,4046554923008.0,21.55108,13.462618,10.668,0.47171867,2.2772942,0.289,0.06162,0.04381,0.02298,,https://finance.yahoo.com/quote/2317.TW
6669.TW,緯穎,6. L2/L3 AI Server / ODM / Rack,Cloud server / AI server,ODM / EMS / 低毛利代工,已獲利成長,高,"EV/EBITDA, EV/EBIT, FCF conversion",合理反映,低毛利模式估值尚未明顯脫離 earnings / EBITDA 基礎,TWD,5445.0,1011903037440.0,20.491495,11.923485,14.66,0.95777375,7.219408,0.62,0.07997,0.06765,0.052470002,,https://finance.yahoo.com/quote/6669.TW
2376.TW,技嘉,6. L2/L3 AI Server / ODM / Rack,AI server / workstation,ODM / EMS / 低毛利代工,已獲利成長,中,"EV/EBITDA, EV/EBIT, FCF conversion",合理反映,低毛利模式估值尚未明顯脫離 earnings / EBITDA 基礎,TWD,370.0,247858888704.0,21.549213,11.992099,13.215,0.65876716,3.8387716,0.598,0.104499996,0.055069998,0.03812,,https://finance.yahoo.com/quote/2376.TW
2357.TW,華碩,6. L2/L3 AI Server / ODM / Rack,Server / workstation,ODM / EMS / 低毛利代工,已獲利成長,中,"EV/EBITDA, EV/EBIT, FCF conversion",合理反映,低毛利模式估值尚未明顯脫離 earnings / EBITDA 基礎,TWD,761.0,565240528896.0,12.787767,13.4128475,13.931,0.7069207,1.9702368,0.411,0.14756,0.051459998,0.05198,,https://finance.yahoo.com/quote/2357.TW
0992.HK,Lenovo,6. L2/L3 AI Server / ODM / Rack,Server / enterprise infrastructure,ODM / EMS / 低毛利代工,已獲利成長,中,"EV/EBITDA, EV/EBIT, FCF conversion",過熱,低毛利代工不宜承受高 PS，pass-through revenue 折價不足,HKD,24.0,297711828992.0,22.018349,13.929669,68.77,3.5836704,5.36524,0.271,0.15419,0.05237,0.02301,,https://finance.yahoo.com/quote/0992.HK
6702.T,Fujitsu,6. L2/L3 AI Server / ODM / Rack,Server / IT infrastructure,ODM / EMS / 低毛利代工,成熟複利,中,"EV/EBITDA, EV/EBIT, FCF conversion",合理反映,低毛利模式估值尚未明顯脫離 earnings / EBITDA 基礎,JPY,3368.0,5842733105152.0,19.492996,22.201714,11.327,1.6679364,2.885422,,0.35595,0.13975,0.12829,,https://finance.yahoo.com/quote/6702.T
ANET,Arista,7. L2/L3 Networking / 光通訊,Data center switching / AI Ethernet,零組件 / 連接器 / 電源 / 散熱,已獲利成長,高,"Forward PE, EV/EBITDA",過熱,PS > 20x，元件/光通訊估值已高度反映 AI 需求,USD,159.47,200799748096.0,54.989655,35.83974,44.476,20.6799,14.888432,0.351,0.63537,0.43638,0.38317,,https://finance.yahoo.com/quote/ANET
CSCO,Cisco,7. L2/L3 Networking / 光通訊,Networking / optics / enterprise data center,零組件 / 連接器 / 電源 / 散熱,成熟複利,中,"Forward PE, EV/EBITDA",合理反映,估值與工業/元件成長股區間大致相符,USD,120.42,474627538944.0,40.14,25.232481,28.87,7.8133135,9.739566,0.12,0.64296997,0.27997,0.19685,,https://finance.yahoo.com/quote/CSCO
NOK,Nokia,7. L2/L3 Networking / 光通訊,Optical / IP networking,零組件 / 連接器 / 電源 / 散熱,成熟複利,中,"Forward PE, EV/EBITDA",偏熱,估值已反映 AI data center 需求擴張,USD,14.84,82844811264.0,92.75,30.42979,31.763,4.1430693,3.3743234,0.024,0.45359,0.12687999,0.039809998,,https://finance.yahoo.com/quote/NOK
CIEN,Ciena,7. L2/L3 Networking / 光通訊,Optical networking,零組件 / 連接器 / 電源 / 散熱,已獲利成長,中,"Forward PE, EV/EBITDA",過熱,EV/EBITDA > 80x，需訂單、毛利與現金流快速追上估值,USD,580.23,82043609088.0,369.5732,66.35059,144.315,16.01073,29.392128,0.331,0.42125,0.11133,0.044699997,,https://finance.yahoo.com/quote/CIEN
COHR,Coherent,7. L2/L3 Networking / 光通訊,Optical components / transceivers,零組件 / 連接器 / 電源 / 散熱,成熟複利,高,"Forward PE, EV/EBITDA",過熱,PE > 38x，若訂單或 margin 放緩容易壓縮,USD,361.47,70717751296.0,172.12859,44.64974,54.85,10.711429,6.6202083,0.205,0.36990002,0.19899,0.07102,,https://finance.yahoo.com/quote/COHR
LITE,Lumentum,7. L2/L3 Networking / 光通訊,Optical components,零組件 / 連接器 / 電源 / 散熱,已獲利成長,中,"Forward PE, EV/EBITDA",過熱,EV/EBITDA > 80x，需訂單、毛利與現金流快速追上估值,USD,854.96,66515890176.0,151.58865,47.233612,120.759,26.730387,72.10593,0.901,0.40837002,0.20447001,0.17678,,https://finance.yahoo.com/quote/LITE
FN,Fabrinet,7. L2/L3 Networking / 光通訊,Optical manufacturing,零組件 / 連接器 / 電源 / 散熱,已獲利成長,中,"Forward PE, EV/EBITDA",偏熱,估值已反映 AI data center 需求擴張,USD,654.16,23438381056.0,56.19931,37.88316,46.898,5.5344453,10.169607,0.393,0.12037,0.11327,0.0994,,https://finance.yahoo.com/quote/FN
AAOI,Applied Optoelectronics,7. L2/L3 Networking / 光通訊,Optical transceivers,零組件 / 連接器 / 電源 / 散熱,轉機 / 虧轉盈,中,"Forward PE, EV/EBITDA",極度過熱 / priced for perfection,虧損且 PS > 20x，需要高成長與快速轉盈同時成立,USD,158.41,12711257088.0,,33.19573,-457.167,25.071512,11.310961,0.514,0.29642,-0.05415,-0.085480005,,https://finance.yahoo.com/quote/AAOI
VIAV,Viavi,7. L2/L3 Networking / 光通訊,Optical test and measurement,零組件 / 連接器 / 電源 / 散熱,轉機 / 虧轉盈,中,"Forward PE, EV/EBITDA",偏熱,虧損但營收倍數已不低，需要毛利與現金流改善,USD,48.56,11979055104.0,,37.929203,54.894,8.771367,13.418072,0.428,0.60357,0.15999,-0.040349998,,https://finance.yahoo.com/quote/VIAV
MTSI,MACOM,7. L2/L3 Networking / 光通訊,RF / optical / high-speed components,零組件 / 連接器 / 電源 / 散熱,成熟複利,中,"Forward PE, EV/EBITDA",過熱,EV/EBITDA > 80x，需訂單、毛利與現金流快速追上估值,USD,364.64,27820492800.0,156.49786,53.27209,117.32,25.908062,20.213982,0.225,0.55684,0.21884,0.16459998,,https://finance.yahoo.com/quote/MTSI
VRT,Vertiv,8. L4 Data Center 電力 / 散熱 / 配電,UPS、PDU、thermal、liquid cooling,零組件 / 連接器 / 電源 / 散熱,已獲利成長,高,"Forward PE, EV/EBITDA",偏熱,估值已反映 AI data center 需求擴張,USD,315.71,121266987008.0,79.32412,35.726772,51.209,11.183483,30.642529,0.301,0.37151,0.21977,0.14372,,https://finance.yahoo.com/quote/VRT
ETN,Eaton,8. L4 Data Center 電力 / 散熱 / 配電,Switchgear、UPS、transformer、power management,零組件 / 連接器 / 電源 / 散熱,成熟複利,中高,"Forward PE, EV/EBITDA",合理反映,估值與工業/元件成長股區間大致相符,USD,400.6,155552989184.0,39.19765,25.480738,27.854,5.4537897,7.8876905,0.168,0.37105,0.22239,0.13986,,https://finance.yahoo.com/quote/ETN
SU.PA,Schneider Electric,8. L4 Data Center 電力 / 散熱 / 配電,Power distribution、UPS、cooling、DCIM,零組件 / 連接器 / 電源 / 散熱,成熟複利,中高,"Forward PE, EV/EBITDA",合理反映,估值與工業/元件成長股區間大致相符,EUR,269.95,151887183872.0,33.91332,23.566809,21.105,3.782805,6.2717814,0.042,0.42078,0.19742,0.10368,,https://finance.yahoo.com/quote/SU.PA
ABBN.SW,ABB,8. L4 Data Center 電力 / 散熱 / 配電,Electrification、automation、switchgear,零組件 / 連接器 / 電源 / 散熱,成熟複利,中,"Forward PE, EV/EBITDA",偏熱,估值已反映 AI data center 需求擴張,CHF,83.62,151791108096.0,39.81905,31.367922,22.2,4.390579,13.043837,0.183,0.40374002,0.20277001,0.14335,,https://finance.yahoo.com/quote/ABBN.SW
SIE.DE,Siemens,8. L4 Data Center 電力 / 散熱 / 配電,Electrification、automation、grid equipment,零組件 / 連接器 / 電源 / 散熱,成熟複利,中,"Forward PE, EV/EBITDA",合理反映,估值與工業/元件成長股區間大致相符,EUR,269.8,205788151808.0,27.929605,21.204773,22.1,2.5820668,3.214277,-0.0,0.38845003,0.14861,0.09688,,https://finance.yahoo.com/quote/SIE.DE
GEV,GE Vernova,8. L4 Data Center 電力 / 散熱 / 配電,Grid、gas power、electrification,零組件 / 連接器 / 電源 / 散熱,成熟複利,中高,"Forward PE, EV/EBITDA",過熱,PE > 38x，若訂單或 margin 放緩容易壓縮,USD,968.32,260206952448.0,28.330017,39.504578,74.768,6.6084304,18.69019,0.163,0.20282,0.08673,0.23809999,,https://finance.yahoo.com/quote/GEV
HUBB,Hubbell,8. L4 Data Center 電力 / 散熱 / 配電,Electrical products、utility components,零組件 / 連接器 / 電源 / 散熱,成熟複利,中,"Forward PE, EV/EBITDA",合理反映,估值與工業/元件成長股區間大致相符,USD,473.61,25026392064.0,28.007687,21.751919,18.585,4.173778,6.6407266,0.111,0.35685003,0.24461001,0.15105,,https://finance.yahoo.com/quote/HUBB
LR.PA,Legrand,8. L4 Data Center 電力 / 散熱 / 配電,Electrical / digital infrastructure,零組件 / 連接器 / 電源 / 散熱,成熟複利,中,"Forward PE, EV/EBITDA",合理反映,估值與工業/元件成長股區間大致相符,EUR,147.65,38594990080.0,30.380657,22.878525,20.122,3.962362,4.9881754,0.114,0.50374,0.22087999,0.13205,,https://finance.yahoo.com/quote/LR.PA
RRX,Regal Rexnord,8. L4 Data Center 電力 / 散熱 / 配電,Motors、power transmission、thermal components,零組件 / 連接器 / 電源 / 散熱,成熟複利,中,"Forward PE, EV/EBITDA",未充分反映,估值低且成長仍正，可能未完全反映 AI 需求,USD,201.76,13431076864.0,46.920925,14.918905,14.914,2.240193,1.9744388,0.043,0.37568,0.2002,0.04779,,https://finance.yahoo.com/quote/RRX
ATKR,Atkore,8. L4 Data Center 電力 / 散熱 / 配電,Electrical conduit / cable management,零組件 / 連接器 / 電源 / 散熱,轉機 / 虧轉盈,中,"Forward PE, EV/EBITDA",資料不足,虧損公司需要 breakeven revenue / cash burn 資料,USD,82.81,2796267008.0,,13.457601,11.433,0.97295946,2.1830597,0.042,0.20871,0.0996,-0.041929998,,https://finance.yahoo.com/quote/ATKR
WCC,WESCO,8. L4 Data Center 電力 / 散熱 / 配電,Electrical distribution,零組件 / 連接器 / 電源 / 散熱,成熟複利,中,"Forward PE, EV/EBITDA",合理反映,估值與工業/元件成長股區間大致相符,USD,361.17,17590747136.0,25.70605,19.200855,15.501,0.7254724,3.492704,0.138,0.21191,0.06226,0.02786,,https://finance.yahoo.com/quote/WCC
EMR,Emerson,8. L4 Data Center 電力 / 散熱 / 配電,Automation、thermal / infrastructure systems,零組件 / 連接器 / 電源 / 散熱,成熟複利,中,"Forward PE, EV/EBITDA",合理反映,估值與工業/元件成長股區間大致相符,USD,143.82,80553582592.0,33.36891,20.102428,15.802,4.39799,3.967558,0.029,0.52669996,0.32076,0.13354,,https://finance.yahoo.com/quote/EMR
ROK,Rockwell Automation,8. L4 Data Center 電力 / 散熱 / 配電,Industrial automation,零組件 / 連接器 / 電源 / 散熱,成熟複利,中,"Forward PE, EV/EBITDA",偏熱,估值已反映 AI data center 需求擴張,USD,451.06,50191228928.0,46.936527,31.080856,27.362,5.700958,14.2506,0.119,0.48921,0.22365,0.12358,,https://finance.yahoo.com/quote/ROK
PH,Parker-Hannifin,8. L4 Data Center 電力 / 散熱 / 配電,Motion control、fluid connectors、thermal components,零組件 / 連接器 / 電源 / 散熱,成熟複利,中,"Forward PE, EV/EBITDA",合理反映,估值與工業/元件成長股區間大致相符,USD,844.63,106496352256.0,31.155663,24.821735,21.101,5.074396,7.2897773,0.106,0.37442002,0.26107,0.16582,,https://finance.yahoo.com/quote/PH
HON,Honeywell,8. L4 Data Center 電力 / 散熱 / 配電,Building automation、control systems,零組件 / 連接器 / 電源 / 散熱,成熟複利,中,"Forward PE, EV/EBITDA",合理反映,估值與工業/元件成長股區間大致相符,USD,237.86,150720724992.0,37.996803,20.762157,20.779,4.0021434,11.090595,0.024,0.36925,0.22639,0.1089,,https://finance.yahoo.com/quote/HON
JCI,Johnson Controls,8. L4 Data Center 電力 / 散熱 / 配電,Building systems / HVAC,零組件 / 連接器 / 電源 / 散熱,成熟複利,中,"Forward PE, EV/EBITDA",合理反映,估值與工業/元件成長股區間大致相符,USD,134.06,81792090112.0,40.99694,23.547224,20.982,3.3476074,6.050731,0.082,0.36561,0.17681,0.14452,,https://finance.yahoo.com/quote/JCI
TT,Trane Technologies,8. L4 Data Center 電力 / 散熱 / 配電,Cooling / HVAC,零組件 / 連接器 / 電源 / 散熱,成熟複利,中,"Forward PE, EV/EBITDA",合理反映,估值與工業/元件成長股區間大致相符,USD,451.3,99762331648.0,34.4767,26.508745,24.407,4.6180277,11.65036,0.06,0.35924998,0.19597,0.13415,,https://finance.yahoo.com/quote/TT
CARR,Carrier,8. L4 Data Center 電力 / 散熱 / 配電,Cooling / HVAC,零組件 / 連接器 / 電源 / 散熱,成熟複利,中,"Forward PE, EV/EBITDA",合理反映,估值與工業/元件成長股區間大致相符,USD,63.87,53049171968.0,42.579998,19.952703,20.567,2.4256594,3.947466,0.024,0.25180998,0.14362,0.059899997,,https://finance.yahoo.com/quote/CARR
MOD,Modine,8. L4 Data Center 電力 / 散熱 / 配電,Thermal management,零組件 / 連接器 / 電源 / 散熱,已獲利成長,中,"Forward PE, EV/EBITDA",合理反映,估值與工業/元件成長股區間大致相符,USD,278.91,14730850304.0,123.41151,24.376793,33.993,4.630741,13.127647,0.475,0.23023,0.14099,0.03819,,https://finance.yahoo.com/quote/MOD
AAON,AAON,8. L4 Data Center 電力 / 散熱 / 配電,HVAC / precision cooling exposure,零組件 / 連接器 / 電源 / 散熱,已獲利成長,中,"Forward PE, EV/EBITDA",過熱,PE > 38x，若訂單或 margin 放緩容易壓縮,USD,140.2,11484021760.0,98.7324,42.58809,47.51,7.102239,12.284237,0.543,0.26242,0.15526,0.07305,,https://finance.yahoo.com/quote/AAON
PWR,Quanta Services,9. L4 EPC / 建設 / 機電工程,Grid construction、substation、utility EPC,成熟複利 / 工程服務,已獲利成長,中,"PE, EV/EBITDA, backlog support",過熱,PE > 60x，需要高成長兌現,USD,711.73,106802307072.0,98.03443,43.283466,42.441,3.545758,11.808243,0.263,0.15100001,0.08828,0.036679998,,https://finance.yahoo.com/quote/PWR
MTZ,MasTec,9. L4 EPC / 建設 / 機電工程,Infrastructure construction,成熟複利 / 工程服務,已獲利成長,中,"PE, EV/EBITDA, backlog support",過熱,PE > 60x，需要高成長兌現,USD,378.37,29898252288.0,66.26445,32.280796,26.928,1.9566594,8.916671,0.345,0.12824,0.07869,0.02945,,https://finance.yahoo.com/quote/MTZ
DY,Dycom,9. L4 EPC / 建設 / 機電工程,Telecom / infrastructure services,成熟複利 / 工程服務,已獲利成長,中,"PE, EV/EBITDA, backlog support",合理反映,以可得倍數未見明顯過熱，但需補 forward estimates,USD,510.0,15316042752.0,48.75717,26.031883,21.533,2.4497492,8.063496,0.561,0.20462999,0.13196999,0.04981,,https://finance.yahoo.com/quote/DY
ACM,AECOM,9. L4 EPC / 建設 / 機電工程,Engineering / infrastructure design,成熟複利 / 工程服務,成熟複利,中,"PE, EV/EBITDA, backlog support",合理反映,以可得倍數未見明顯過熱，但需補 forward estimates,USD,69.37,8915635200.0,14.482255,10.323362,8.946,0.557721,3.916775,0.008,0.077259995,0.07988,0.03164,,https://finance.yahoo.com/quote/ACM
FIX,Comfort Systems USA,9. L4 EPC / 建設 / 機電工程,Mechanical / electrical contracting,成熟複利 / 工程服務,成熟複利,中,"PE, EV/EBITDA, backlog support",合理反映,以可得倍數未見明顯過熱，但需補 forward estimates,USD,1828.21,64323682304.0,52.914906,34.367683,38.456,6.3462577,99.60284,0.01,0.25128,0.1713,0.12073,,https://finance.yahoo.com/quote/FIX
GVA,Granite Construction,9. L4 EPC / 建設 / 機電工程,Infrastructure construction,成熟複利 / 工程服務,已獲利成長,中,"PE, EV/EBITDA, backlog support",合理反映,以可得倍數未見明顯過熱，但需補 forward estimates,USD,136.84,5986298368.0,37.286102,18.066332,15.371,1.2909025,5.800025,0.304,0.15899,0.09806,0.039890002,,https://finance.yahoo.com/quote/GVA
FLR,Fluor,9. L4 EPC / 建設 / 機電工程,EPC / industrial projects,成熟複利 / 工程服務,成熟複利,中,"PE, EV/EBITDA, backlog support",合理反映,以可得倍數未見明顯過熱，但需補 forward estimates,USD,45.76,6391293952.0,20.894976,13.874697,-10.961,0.42092294,2.2555203,-0.08,-0.01627,-0.02325,0.02305,,https://finance.yahoo.com/quote/FLR
J,Jacobs,9. L4 EPC / 建設 / 機電工程,Engineering / program management,成熟複利 / 工程服務,已獲利成長,中,"PE, EV/EBITDA, backlog support",合理反映,以可得倍數未見明顯過熱，但需補 forward estimates,USD,119.86,14153174016.0,35.35693,14.486729,16.908,1.0742794,4.302225,0.27,0.2342,0.077800006,0.028959999,,https://finance.yahoo.com/quote/J
CAT,Caterpillar,10. L5 備援電力 / 微電網 / 燃料電池,Backup generators、engines,資本設備 / 轉機或成長,成熟複利,中,"PE, EV/EBITDA, margin repair",偏熱,估值已反映 AI data center 需求擴張,USD,875.87,403418677248.0,43.662514,29.378874,30.446,5.7016277,21.620546,0.222,0.28601998,0.20573999,0.13328,,https://finance.yahoo.com/quote/CAT
CMI,Cummins,10. L5 備援電力 / 微電網 / 燃料電池,Generators、engines、power systems,資本設備 / 轉機或成長,成熟複利,中,"PE, EV/EBITDA, margin repair",合理反映,估值與工業/元件成長股區間大致相符,USD,646.63,89227870208.0,33.556305,19.366163,19.046,2.6325564,7.224351,0.027,0.25847998,0.14764,0.07886,,https://finance.yahoo.com/quote/CMI
GNRC,Generac,10. L5 備援電力 / 微電網 / 燃料電池,Backup power / distributed energy,資本設備 / 轉機或成長,成熟複利,中,"PE, EV/EBITDA, margin repair",合理反映,估值與工業/元件成長股區間大致相符,USD,277.91,16360195072.0,86.84688,25.050253,33.153,3.781488,6.1048265,0.124,0.38138,0.121929996,0.04368,,https://finance.yahoo.com/quote/GNRC
BE,Bloom Energy,10. L5 備援電力 / 微電網 / 燃料電池,Fuel cells / onsite power,資本設備 / 轉機或成長,已獲利成長,中,"PE, EV/EBITDA, margin repair",過熱,EV/EBITDA > 80x，需訂單、毛利與現金流快速追上估值,USD,285.0,81066500096.0,,65.50971,352.15,33.101513,87.9087,1.304,0.3009,0.094560005,0.00246,,https://finance.yahoo.com/quote/BE
FCEL,FuelCell Energy,10. L5 備援電力 / 微電網 / 燃料電池,Fuel cell systems,資本設備 / 轉機或成長,轉機 / 虧轉盈,中,"PE, EV/EBITDA, margin repair",偏熱,虧損但營收倍數已不低，需要毛利與現金流改善,USD,21.66,1147500544.0,,-11.868493,-14.002,6.7620955,1.6383027,0.607,-0.15946999,-0.44334,-1.07506,,https://finance.yahoo.com/quote/FCEL
PLUG,Plug Power,10. L5 備援電力 / 微電網 / 燃料電池,Hydrogen / fuel cell infrastructure,資本設備 / 轉機或成長,轉機 / 虧轉盈,中,"PE, EV/EBITDA, margin repair",偏熱,虧損但營收倍數已不低，需要毛利與現金流改善,USD,3.95,5510522880.0,,-24.042852,-10.273,7.4490886,7.3420076,0.223,-0.31239,-0.82999,-2.2713401,,https://finance.yahoo.com/quote/PLUG
BLDP,Ballard Power,10. L5 備援電力 / 微電網 / 燃料電池,Fuel cell systems,資本設備 / 轉機或成長,轉機 / 虧轉盈,中,"PE, EV/EBITDA, margin repair",過熱,虧損且 PS > 10x，估值仰賴明確轉盈路徑,USD,6.29,1896283008.0,,-40.460567,-21.63,18.33894,3.2811685,0.262,0.11444,-0.62432,-0.78596,,https://finance.yahoo.com/quote/BLDP
NEE,NextEra Energy,11. L5 電力供應 / 公用事業 / 核能,Renewable / utility / grid-scale power,公用事業 / 資本密集,成熟複利,低到中,"PE, dividend yield, EV/EBITDA",合理反映,估值接近成熟公用事業合理區間,USD,87.01,181468528640.0,22.083757,19.784397,20.853,6.5121846,3.285752,0.073,0.61401004,0.50811,0.29369,,https://finance.yahoo.com/quote/NEE
CEG,Constellation Energy,11. L5 電力供應 / 公用事業 / 核能,Nuclear power / clean firm power,公用事業 / 資本密集,成熟複利,低到中,"PE, dividend yield, EV/EBITDA",合理反映,估值接近成熟公用事業合理區間,USD,287.75,103932436480.0,25.0,21.120787,15.819,3.479842,3.1140764,0.638,0.23263,0.26641,0.12693,,https://finance.yahoo.com/quote/CEG
VST,Vistra,11. L5 電力供應 / 公用事業 / 核能,Independent power producer,公用事業 / 資本密集,成熟複利,低到中,"PE, dividend yield, EV/EBITDA",未充分反映,公用事業估值偏低，若負載成長兌現有重評空間,USD,160.23,54026743808.0,26.794313,14.623195,11.161,2.7784388,20.66684,0.434,0.38637,0.34919,0.11525,,https://finance.yahoo.com/quote/VST
NRG,NRG Energy,11. L5 電力供應 / 公用事業 / 核能,Power generation / retail energy,公用事業 / 資本密集,成熟複利,低到中,"PE, dividend yield, EV/EBITDA",未充分反映,公用事業估值偏低，若負載成長兌現有重評空間,USD,134.08,28289064960.0,147.34065,11.522652,23.082,0.87355065,24.756279,0.195,0.16445999,0.06973,0.00738,,https://finance.yahoo.com/quote/NRG
DUK,Duke Energy,11. L5 電力供應 / 公用事業 / 核能,Regulated utility,公用事業 / 資本密集,成熟複利,低到中,"PE, dividend yield, EV/EBITDA",合理反映,估值接近成熟公用事業合理區間,USD,122.73,95679848448.0,18.881538,17.121048,11.394,2.9242902,1.7852675,0.113,0.5105,0.50361997,0.15706,,https://finance.yahoo.com/quote/DUK
SO,Southern Company,11. L5 電力供應 / 公用事業 / 核能,Regulated utility / power generation,公用事業 / 資本密集,成熟複利,低到中,"PE, dividend yield, EV/EBITDA",合理反映,估值接近成熟公用事業合理區間,USD,92.05,103768072192.0,23.5422,18.720613,12.994,3.4388757,2.7953234,0.08,0.48002997,0.46310002,0.14458999,,https://finance.yahoo.com/quote/SO
AEP,American Electric Power,11. L5 電力供應 / 公用事業 / 核能,Transmission / utility,公用事業 / 資本密集,成熟複利,低到中,"PE, dividend yield, EV/EBITDA",合理反映,估值接近成熟公用事業合理區間,USD,126.67,68921786368.0,18.738165,18.478428,13.279,3.0723393,2.1662989,0.102,0.47243,0.40748,0.16289,,https://finance.yahoo.com/quote/AEP
EXC,Exelon,11. L5 電力供應 / 公用事業 / 核能,Utility / transmission,公用事業 / 資本密集,成熟複利,低到中,"PE, dividend yield, EV/EBITDA",未充分反映,公用事業估值偏低，若負載成長兌現有重評空間,USD,45.64,46699216896.0,16.717949,15.02586,11.787,1.8840965,1.5930192,0.079,0.42641,0.33280998,0.11212,,https://finance.yahoo.com/quote/EXC
PEG,PSEG,11. L5 電力供應 / 公用事業 / 核能,Utility / power,公用事業 / 資本密集,成熟複利,低到中,"PE, dividend yield, EV/EBITDA",合理反映,估值接近成熟公用事業合理區間,USD,78.65,39192981504.0,17.400442,16.744766,13.178,3.0633876,2.2636352,0.194,0.3536,0.37479,0.17688,,https://finance.yahoo.com/quote/PEG
SRE,Sempra,11. L5 電力供應 / 公用事業 / 核能,Utility / LNG / grid,公用事業 / 資本密集,成熟複利,低到中,"PE, dividend yield, EV/EBITDA",合理反映,估值接近成熟公用事業合理區間,USD,89.13,58263392256.0,30.316324,16.097048,18.578,4.298295,1.8414147,-0.039,0.42457,0.41452998,0.1443,,https://finance.yahoo.com/quote/SRE
OKLO,Oklo,11. L5 電力供應 / 公用事業 / 核能,Advanced nuclear,公用事業 / 資本密集,轉機 / 虧轉盈,低到中,"PE, dividend yield, EV/EBITDA",資料不足,虧損公司需要 breakeven revenue / cash burn 資料,USD,66.88,11636516864.0,,-79.71204,-54.794,,4.406958,,0.0,0.0,0.0,,https://finance.yahoo.com/quote/OKLO
SMR,NuScale Power,11. L5 電力供應 / 公用事業 / 核能,Small modular reactor,公用事業 / 資本密集,轉機 / 虧轉盈,低到中,"PE, dividend yield, EV/EBITDA",極度過熱 / priced for perfection,虧損且 PS > 20x，需要高成長與快速轉盈同時成立,USD,12.67,4385160192.0,,-18.907345,-16.948,234.88994,3.452316,-0.958,0.23836,0.0,0.0,,https://finance.yahoo.com/quote/SMR
FCX,Freeport-McMoRan,12. L5 原材料 / 工業氣體 / 電纜,Copper,材料 / 化學品,成熟複利,低到中,"EV/EBITDA, P/B, normalized margin",偏熱,P/B 偏高，需要高 ROIC 或供給緊缺支持,USD,65.71,94462050304.0,34.767197,17.624323,11.564,3.575264,4.841229,0.088,0.38636002,0.37027,0.10344,,https://finance.yahoo.com/quote/FCX
SCCO,Southern Copper,12. L5 原材料 / 工業氣體 / 電纜,Copper,材料 / 化學品,成熟複利,低到中,"EV/EBITDA, P/B, normalized margin",偏熱,材料股 EV/EBITDA 偏高，需要 commodity spread 支持,USD,191.3,159606505472.0,32.368866,29.095146,18.275,10.969896,13.540487,0.362,0.62709,0.60826,0.34131,,https://finance.yahoo.com/quote/SCCO
TECK,Teck Resources,12. L5 原材料 / 工業氣體 / 電纜,Copper / base metals,材料 / 化學品,成熟複利,低到中,"EV/EBITDA, P/B, normalized margin",合理反映,材料股估值未明顯過熱，但需看週期位置,USD,66.16,32411408384.0,24.234434,22.140373,7.424,2.6119275,1.7830343,0.722,0.30913,0.41134998,0.14909,,https://finance.yahoo.com/quote/TECK
BHP,BHP,12. L5 原材料 / 工業氣體 / 電纜,Copper / iron ore / commodities,材料 / 化學品,成熟複利,低到中,"EV/EBITDA, P/B, normalized margin",偏熱,材料股 EV/EBITDA 偏高，需要 commodity spread 支持,USD,88.91,225862090752.0,22.062035,16.713287,17.958,4.183561,4.477289,0.108,0.83085,0.48700002,0.18972999,,https://finance.yahoo.com/quote/BHP
RIO,Rio Tinto,12. L5 原材料 / 工業氣體 / 電纜,Copper / aluminum / commodities,材料 / 化學品,成熟複利,低到中,"EV/EBITDA, P/B, normalized margin",資料不足,材料股需要 mid-cycle EBITDA / ROIC 才能定性,USD,106.39,173016891392.0,17.469622,12.004866,9.466,3.0017853,2.7791855,0.146,0.28124002,0.35194,0.17291,,https://finance.yahoo.com/quote/RIO
NUE,Nucor,12. L5 原材料 / 工業氣體 / 電纜,Steel,材料 / 化學品,成熟複利,低到中,"EV/EBITDA, P/B, normalized margin",資料不足,材料股需要 mid-cycle EBITDA / ROIC 才能定性,USD,250.0,56935235584.0,24.801588,15.8382015,12.651,1.6667223,2.7261624,0.213,0.14062999,0.14502,0.06824,,https://finance.yahoo.com/quote/NUE
STLD,Steel Dynamics,12. L5 原材料 / 工業氣體 / 電纜,Steel,材料 / 化學品,成熟複利,低到中,"EV/EBITDA, P/B, normalized margin",偏熱,材料股 EV/EBITDA 偏高，需要 commodity spread 支持,USD,260.15,37516955648.0,27.853317,15.292361,17.761,1.973305,4.2096148,0.191,0.14038,0.121800005,0.07216,,https://finance.yahoo.com/quote/STLD
AA,Alcoa,12. L5 原材料 / 工業氣體 / 電纜,Aluminum,材料 / 化學品,成熟複利,低到中,"EV/EBITDA, P/B, normalized margin",資料不足,材料股需要 mid-cycle EBITDA / ROIC 才能定性,USD,77.64,20488409088.0,19.907692,11.526334,12.825,1.6189972,3.0015075,-0.052,0.16254,0.13402,0.081709996,,https://finance.yahoo.com/quote/AA
PRY.MI,Prysmian,12. L5 原材料 / 工業氣體 / 電纜,Power cable,材料 / 化學品,成熟複利,低到中,"EV/EBITDA, P/B, normalized margin",偏熱,材料股 EV/EBITDA 偏高，需要 commodity spread 支持,EUR,148.0,43252211712.0,31.422504,25.88784,18.458,2.0980942,6.1464343,0.101,0.38268003,0.12229,0.06626,,https://finance.yahoo.com/quote/PRY.MI
NEX.PA,Nexans,12. L5 原材料 / 工業氣體 / 電纜,Power cable,材料 / 化學品,成熟複利,低到中,"EV/EBITDA, P/B, normalized margin",資料不足,材料股需要 mid-cycle EBITDA / ROIC 才能定性,EUR,158.4,6928083968.0,33.347366,17.39604,11.06,0.88707864,3.466083,,0.11613,0.08335,0.04507,,https://finance.yahoo.com/quote/NEX.PA
NKT.CO,NKT,12. L5 原材料 / 工業氣體 / 電纜,Power cable,材料 / 化學品,成熟複利,低到中,"EV/EBITDA, P/B, normalized margin",偏熱,材料股 EV/EBITDA 偏高，需要 commodity spread 支持,DKK,1025.0,54786711552.0,27.399092,25.611553,77.904,15.252425,3.6059072,0.032,0.33964002,0.19376,0.07767,,https://finance.yahoo.com/quote/NKT.CO
LIN,Linde,12. L5 原材料 / 工業氣體 / 電纜,Industrial gases,材料 / 化學品,成熟複利,低到中,"EV/EBITDA, P/B, normalized margin",偏熱,材料股 EV/EBITDA 偏高，需要 commodity spread 支持,USD,497.69,230105628672.0,33.003315,25.250635,18.699,6.6398973,5.9697967,0.082,0.48766,0.39215,0.20436001,,https://finance.yahoo.com/quote/LIN
AI.PA,Air Liquide,12. L5 原材料 / 工業氣體 / 電纜,Industrial gases,材料 / 化學品,成熟複利,低到中,"EV/EBITDA, P/B, normalized margin",偏熱,材料股 EV/EBITDA 偏高，需要 commodity spread 支持,EUR,178.08,102767697920.0,29.337727,22.902412,15.115,3.8146596,3.9261858,-0.034,0.64175004,0.27835,0.13058,,https://finance.yahoo.com/quote/AI.PA
APD,Air Products,12. L5 原材料 / 工業氣體 / 電纜,Industrial gases,材料 / 化學品,成熟複利,低到中,"EV/EBITDA, P/B, normalized margin",偏熱,材料股 EV/EBITDA 偏高，需要 commodity spread 支持,USD,278.62,62043291648.0,29.32842,19.573488,21.155,4.9778395,3.964428,0.088,0.31983998,0.31111,0.16906999,,https://finance.yahoo.com/quote/APD
4063.T,Shin-Etsu,12. L5 原材料 / 工業氣體 / 電纜,Silicon wafer / semiconductor materials,材料 / 化學品,成熟複利,低到中,"EV/EBITDA, P/B, normalized margin",資料不足,材料股需要 mid-cycle EBITDA / ROIC 才能定性,JPY,7758.0,14405085429760.0,30.768621,23.528341,14.985,5.5964484,3.2264774,0.013,0.34219003,0.34118,0.18433,,https://finance.yahoo.com/quote/4063.T
3436.T,SUMCO,12. L5 原材料 / 工業氣體 / 電纜,Silicon wafer,材料 / 化學品,轉機 / 虧轉盈,低到中,"EV/EBITDA, P/B, normalized margin",資料不足,虧損公司需要 breakeven revenue / cash burn 資料,JPY,3994.0,1396754612224.0,,81.129395,15.985,3.4183912,2.4532402,-0.01,0.107559994,0.26513,-0.056939997,,https://finance.yahoo.com/quote/3436.T
4091.T,Nippon Sanso,12. L5 原材料 / 工業氣體 / 電纜,Industrial gases,材料 / 化學品,成熟複利,低到中,"EV/EBITDA, P/B, normalized margin",資料不足,材料股需要 mid-cycle EBITDA / ROIC 才能定性,JPY,6184.0,2676766015488.0,21.598211,22.346691,10.732,1.9687734,2.1988337,0.075,0.42837003,0.23552999,0.091120005,,https://finance.yahoo.com/quote/4091.T
