region,ticker,display_ticker,company,exchange,currency,category,supply_chain_category,role,industry_class,industry_model_class,stage,lifecycle_stage,revenue_purity,valuation_models,valuation_basis,valuation_label,model_read,data_status,price,marketCap,trailingPE,forwardPE,evToEbitda,ps,pb,revenueGrowth,grossMargins,ebitdaMargins,profitMargins,six_month_return,benchmark_return,source_url
US,AMZN,AMZN,Amazon,US,USD,1. L1 需求端 / AI 雲端 / Data Center,1. L1 需求端 / AI 雲端 / Data Center,AWS，最大雲端算力需求端之一,軟體 / IP / 平台型,軟體 / IP / 平台型,成熟複利,成熟複利,低到中,"EV/Sales, FCF margin, Forward PE","Forward PE, PEG/implied CAGR, EV/EBITDA",合理反映,大型平台估值未單靠 AI 題材脫離基本面,complete,270.64,2911304417280.0,31.653803,27.443575,19.272,3.9194918,6.586037,0.166,0.50604,0.20984,0.12224,,,https://finance.yahoo.com/quote/AMZN
US,MSFT,MSFT,Microsoft,US,USD,1. L1 需求端 / AI 雲端 / Data Center,1. L1 需求端 / AI 雲端 / Data Center,Azure，OpenAI / enterprise AI 需求核心,軟體 / IP / 平台型,軟體 / IP / 平台型,成熟複利,成熟複利,低到中,"EV/Sales, FCF margin, Forward PE","Forward PE, PEG/implied CAGR, EV/EBITDA",合理反映,大型平台估值未單靠 AI 題材脫離基本面,complete,450.24,3344578379776.0,26.81596,23.28298,18.388,10.508521,8.0721445,0.183,0.68309,0.57956004,0.39341998,,,https://finance.yahoo.com/quote/MSFT
US,GOOGL,GOOGL,Alphabet,US,USD,1. L1 需求端 / AI 雲端 / Data Center,1. L1 需求端 / AI 雲端 / Data Center,Google Cloud / TPU / AI infrastructure,軟體 / IP / 平台型,軟體 / IP / 平台型,成熟複利,成熟複利,低到中,"EV/Sales, FCF margin, Forward PE","Forward PE, PEG/implied CAGR, EV/EBITDA",合理反映,大型平台估值未單靠 AI 題材脫離基本面,complete,380.34,4607987679232.0,28.989328,26.249208,28.374,10.906531,9.625449,0.218,0.60368,0.38181,0.37919,,,https://finance.yahoo.com/quote/GOOGL
US,META,META,Meta,US,USD,1. L1 需求端 / AI 雲端 / Data Center,1. L1 需求端 / AI 雲端 / Data Center,大型自用 AI cluster 與 Llama 生態,軟體 / IP / 平台型,軟體 / IP / 平台型,已獲利成長,已獲利成長,低到中,"EV/Sales, FCF margin, Forward PE","Forward PE, PEG/implied CAGR, EV/EBITDA",合理反映,大型平台估值未單靠 AI 題材脫離基本面,complete,632.51,1605578129408.0,22.992002,17.490955,14.74,7.469091,6.587754,0.331,0.81941,0.5085,0.32837,,,https://finance.yahoo.com/quote/META
US,ORCL,ORCL,Oracle,US,USD,1. L1 需求端 / AI 雲端 / Data Center,1. L1 需求端 / AI 雲端 / Data Center,OCI，GPU cloud 與 enterprise AI infrastructure,軟體 / IP / 平台型,軟體 / IP / 平台型,成熟複利,成熟複利,低到中,"EV/Sales, FCF margin, Forward PE","Forward PE, PEG/implied CAGR, EV/EBITDA",合理反映,大型平台估值未單靠 AI 題材脫離基本面,complete,225.78,649353691136.0,40.462364,28.108276,28.348,10.134117,19.353676,0.217,0.67084,0.42826,0.25298,,,https://finance.yahoo.com/quote/ORCL
US,IBM,IBM,IBM,US,USD,1. L1 需求端 / AI 雲端 / Data Center,1. L1 需求端 / AI 雲端 / Data Center,Enterprise AI、hybrid cloud,軟體 / IP / 平台型,軟體 / IP / 平台型,成熟複利,成熟複利,低到中,"EV/Sales, FCF margin, Forward PE","Forward PE, PEG/implied CAGR, EV/EBITDA",合理反映,大型平台估值未單靠 AI 題材脫離基本面,complete,297.8,279897833472.0,26.377323,22.133545,20.348,4.0617294,8.488441,0.095,0.58358,0.24104999,0.15606,,,https://finance.yahoo.com/quote/IBM
US,CRWV,CRWV,CoreWeave,US,USD,1. L1 需求端 / AI 雲端 / Data Center,1. L1 需求端 / AI 雲端 / Data Center,GPU cloud / AI compute pure play,軟體 / IP / 平台型,軟體 / IP / 平台型,轉機 / 虧轉盈,轉機 / 虧轉盈,高,"EV/Sales, FCF margin, Forward PE","Forward PE, PEG/implied CAGR, EV/EBITDA",偏熱,虧損但營收倍數已不低，需要毛利與現金流改善,complete,109.53,59756322816.0,,-174.68343,30.634,9.596327,12.24483,1.116,0.69375,0.48563,-0.25566,,,https://finance.yahoo.com/quote/CRWV
US,NBIS,NBIS,Nebius,US,USD,1. L1 需求端 / AI 雲端 / Data Center,1. L1 需求端 / AI 雲端 / Data Center,AI infrastructure / GPU cloud,軟體 / IP / 平台型,軟體 / IP / 平台型,已獲利成長,已獲利成長,低到中,"EV/Sales, FCF margin, Forward PE","Forward PE, PEG/implied CAGR, EV/EBITDA",過熱,平台型公司 PE > 55x，需要 AI monetization 明確加速,complete,231.09,58673332224.0,89.22394,639.7486,-1538.899,66.833725,8.173522,6.839,0.72058,-0.04397,0.93086,,,https://finance.yahoo.com/quote/NBIS
US,APLD,APLD,Applied Digital,US,USD,1. L1 需求端 / AI 雲端 / Data Center,1. L1 需求端 / AI 雲端 / Data Center,AI data center / HPC infrastructure,軟體 / IP / 平台型,軟體 / IP / 平台型,轉機 / 虧轉盈,轉機 / 虧轉盈,低到中,"EV/Sales, FCF margin, Forward PE","Forward PE, PEG/implied CAGR, EV/EBITDA",極度過熱 / priced for perfection,虧損且 PS > 20x，需要高成長與快速轉盈同時成立,complete,47.28,13511183360.0,,-49.76842,1121.499,42.320045,8.532756,1.393,0.45409,0.04355,-0.59472,,,https://finance.yahoo.com/quote/APLD
US,EQIX,EQIX,Equinix,US,USD,1. L1 需求端 / AI 雲端 / Data Center,1. L1 需求端 / AI 雲端 / Data Center,Colocation / interconnection data center,軟體 / IP / 平台型,軟體 / IP / 平台型,成熟複利,成熟複利,低到中,"EV/Sales, FCF margin, Forward PE","Forward PE, PEG/implied CAGR, EV/EBITDA",過熱,平台型公司 PE > 55x，需要 AI monetization 明確加速,complete,1068.04,105334644736.0,74.066574,55.559574,29.736,11.057595,7.367013,0.121,0.51606,0.44951,0.14928001,,,https://finance.yahoo.com/quote/EQIX
US,DLR,DLR,Digital Realty,US,USD,1. L1 需求端 / AI 雲端 / Data Center,1. L1 需求端 / AI 雲端 / Data Center,Hyperscale / colocation data center REIT,軟體 / IP / 平台型,軟體 / IP / 平台型,成熟複利,成熟複利,低到中,"EV/Sales, FCF margin, Forward PE","Forward PE, PEG/implied CAGR, EV/EBITDA",過熱,平台型公司 PE > 55x，需要 AI monetization 明確加速,complete,190.0,67962822656.0,50.531914,66.33754,29.95,10.763748,2.928619,0.167,0.55342996,0.4575,0.21823,,,https://finance.yahoo.com/quote/DLR
US,CORZ,CORZ,Core Scientific,US,USD,1. L1 需求端 / AI 雲端 / Data Center,1. L1 需求端 / AI 雲端 / Data Center,AI/HPC hosting 與資料中心轉型,軟體 / IP / 平台型,軟體 / IP / 平台型,已獲利成長,已獲利成長,低到中,"EV/Sales, FCF margin, Forward PE","Forward PE, PEG/implied CAGR, EV/EBITDA",過熱,平台型公司 PE > 55x，需要 AI monetization 明確加速,complete,26.85,8535219712.0,,85.2381,-100.123,24.06063,-6.5169907,0.449,0.2156,-0.2727,0.0,,,https://finance.yahoo.com/quote/CORZ
US,IREN,IREN,IREN,US,USD,1. L1 需求端 / AI 雲端 / Data Center,1. L1 需求端 / AI 雲端 / Data Center,AI/HPC data center 與 power-linked compute,軟體 / IP / 平台型,軟體 / IP / 平台型,轉機 / 虧轉盈,轉機 / 虧轉盈,低到中,"EV/Sales, FCF margin, Forward PE","Forward PE, PEG/implied CAGR, EV/EBITDA",極度過熱 / priced for perfection,虧損且 PS > 20x，需要高成長與快速轉盈同時成立,complete,63.54,22707843072.0,82.519485,-67.59575,166.192,29.994219,8.394769,-0.0,0.68397003,0.19440001,0.20877,,,https://finance.yahoo.com/quote/IREN
US,WULF,WULF,TeraWulf,US,USD,1. L1 需求端 / AI 雲端 / Data Center,1. L1 需求端 / AI 雲端 / Data Center,Power-linked compute / HPC hosting,軟體 / IP / 平台型,軟體 / IP / 平台型,成熟複利,成熟複利,低到中,"EV/Sales, FCF margin, Forward PE","Forward PE, PEG/implied CAGR, EV/EBITDA",極度過熱 / priced for perfection,PS > 20x 且成長未足以吸收估值,complete,25.56,12665814016.0,,138.16216,-106.043,75.36394,76.52695,-0.011,0.64018995,-0.86137,0.0,,,https://finance.yahoo.com/quote/WULF
US,CIFR,CIFR,Cipher Mining,US,USD,1. L1 需求端 / AI 雲端 / Data Center,1. L1 需求端 / AI 雲端 / Data Center,Data center / compute infrastructure optionality,軟體 / IP / 平台型,軟體 / IP / 平台型,成熟複利,成熟複利,低到中,"EV/Sales, FCF margin, Forward PE","Forward PE, PEG/implied CAGR, EV/EBITDA",極度過熱 / priced for perfection,PS > 20x 且成長未足以吸收估值,complete,23.65,9674012672.0,,35.298508,82.808,46.10603,13.422248,-0.288,0.12375,0.79029,0.0,,,https://finance.yahoo.com/quote/CIFR
US,NVDA,NVDA,NVIDIA,US,USD,2. L2 AI 晶片 / ASIC / CPU / 電源 IC,2. L2 AI 晶片 / ASIC / CPU / 電源 IC,AI GPU、rack-scale platform、networking,半導體設備 / 高毛利瓶頸股,半導體設備 / 高毛利瓶頸股,已獲利成長,已獲利成長,高,"Forward PE, PEG, EV/EBITDA","PE, PB, EV/EBITDA peer/history blend",合理反映,估值與高毛利設備/晶片股大致相符,complete,211.14,5114022068224.0,32.383434,16.681019,30.627,20.174374,32.623608,0.852,0.74144995,0.65294,0.62966,,,https://finance.yahoo.com/quote/NVDA
US,AMD,AMD,AMD,US,USD,2. L2 AI 晶片 / ASIC / CPU / 電源 IC,2. L2 AI 晶片 / ASIC / CPU / 電源 IC,AI GPU、CPU、accelerator 替代供應,半導體設備 / 高毛利瓶頸股,半導體設備 / 高毛利瓶頸股,已獲利成長,已獲利成長,中高,"Forward PE, PEG, EV/EBITDA","PE, PB, EV/EBITDA peer/history blend",過熱,EV/EBITDA > 80x，估值需多年高成長與高 margin 同時支撐,complete,516.1,841552887808.0,172.60869,39.82394,112.123,22.468971,13.050294,0.378,0.5306,0.19838,0.13374,,,https://finance.yahoo.com/quote/AMD
US,AVGO,AVGO,Broadcom,US,USD,2. L2 AI 晶片 / ASIC / CPU / 電源 IC,2. L2 AI 晶片 / ASIC / CPU / 電源 IC,Custom ASIC、switch silicon、connectivity,半導體設備 / 高毛利瓶頸股,半導體設備 / 高毛利瓶頸股,已獲利成長,已獲利成長,中高,"Forward PE, PEG, EV/EBITDA","PE, PB, EV/EBITDA peer/history blend",合理反映,估值與高毛利設備/晶片股大致相符,complete,446.77,2115307700224.0,86.920235,24.227072,58.23,30.978994,26.490957,0.295,0.76725996,0.54506,0.36571997,,,https://finance.yahoo.com/quote/AVGO
US,MRVL,MRVL,Marvell,US,USD,2. L2 AI 晶片 / ASIC / CPU / 電源 IC,2. L2 AI 晶片 / ASIC / CPU / 電源 IC,Custom silicon、optical DSP、data center silicon,半導體設備 / 高毛利瓶頸股,半導體設備 / 高毛利瓶頸股,已獲利成長,已獲利成長,中高,"Forward PE, PEG, EV/EBITDA","PE, PB, EV/EBITDA peer/history blend",偏熱,PE > 30x 已反映明顯 AI / 製程升級期待,complete,205.0,179334004736.0,70.44673,33.7438,66.655,20.572668,12.139516,0.276,0.51502997,0.31111,0.28986,,,https://finance.yahoo.com/quote/MRVL
US,INTC,INTC,Intel,US,USD,2. L2 AI 晶片 / ASIC / CPU / 電源 IC,2. L2 AI 晶片 / ASIC / CPU / 電源 IC,CPU、foundry、accelerator、networking,半導體設備 / 高毛利瓶頸股,半導體設備 / 高毛利瓶頸股,轉機 / 虧轉盈,轉機 / 虧轉盈,中,"Forward PE, PEG, EV/EBITDA","PE, PB, EV/EBITDA peer/history blend",過熱,虧損且 PS > 10x，估值仰賴明確轉盈路徑,complete,114.68,576381648896.0,,74.48107,42.488,10.720787,5.171123,0.072,0.372,0.26364002,-0.05904,,,https://finance.yahoo.com/quote/INTC
US,ARM,ARM,Arm,US,USD,2. L2 AI 晶片 / ASIC / CPU / 電源 IC,2. L2 AI 晶片 / ASIC / CPU / 電源 IC,CPU IP、data center CPU ecosystem,半導體設備 / 高毛利瓶頸股,半導體設備 / 高毛利瓶頸股,成熟複利,成熟複利,中,"Forward PE, PEG, EV/EBITDA","PE, PB, EV/EBITDA peer/history blend",過熱,EV/EBITDA > 80x，估值需多年高成長與高 margin 同時支撐,complete,353.29,377341575168.0,415.63528,115.63715,351.49,76.69544,45.369205,0.201,0.97541,0.2164,0.18374,,,https://finance.yahoo.com/quote/ARM
US,QCOM,QCOM,Qualcomm,US,USD,2. L2 AI 晶片 / ASIC / CPU / 電源 IC,2. L2 AI 晶片 / ASIC / CPU / 電源 IC,AI inference、edge/data center optionality,半導體設備 / 高毛利瓶頸股,半導體設備 / 高毛利瓶頸股,成熟複利,成熟複利,中,"Forward PE, PEG, EV/EBITDA","PE, PB, EV/EBITDA peer/history blend",合理反映,估值與高毛利設備/晶片股大致相符,complete,251.02,264575090688.0,27.020452,23.6006,20.774,5.9473786,9.745322,-0.035,0.54799,0.2922,0.22308001,,,https://finance.yahoo.com/quote/QCOM
US,ALAB,ALAB,Astera Labs,US,USD,2. L2 AI 晶片 / ASIC / CPU / 電源 IC,2. L2 AI 晶片 / ASIC / CPU / 電源 IC,PCIe/CXL retimer、connectivity,半導體設備 / 高毛利瓶頸股,半導體設備 / 高毛利瓶頸股,已獲利成長,已獲利成長,高,"Forward PE, PEG, EV/EBITDA","PE, PB, EV/EBITDA peer/history blend",過熱,EV/EBITDA > 80x，估值需多年高成長與高 margin 同時支撐,complete,342.85,58767212544.0,233.2313,81.50114,246.908,58.682476,39.308643,0.934,0.75988996,0.23305,0.26724002,,,https://finance.yahoo.com/quote/ALAB
US,MPWR,MPWR,Monolithic Power,US,USD,2. L2 AI 晶片 / ASIC / CPU / 電源 IC,2. L2 AI 晶片 / ASIC / CPU / 電源 IC,Power management IC,半導體設備 / 高毛利瓶頸股,半導體設備 / 高毛利瓶頸股,已獲利成長,已獲利成長,中,"Forward PE, PEG, EV/EBITDA","PE, PB, EV/EBITDA peer/history blend",過熱,EV/EBITDA > 80x，估值需多年高成長與高 margin 同時支撐,complete,1566.21,76947898368.0,112.35366,51.932003,88.195,26.021494,20.924091,0.261,0.55175,0.28988,0.22984,,,https://finance.yahoo.com/quote/MPWR
US,ADI,ADI,Analog Devices,US,USD,2. L2 AI 晶片 / ASIC / CPU / 電源 IC,2. L2 AI 晶片 / ASIC / CPU / 電源 IC,Analog / power / signal chain,半導體設備 / 高毛利瓶頸股,半導體設備 / 高毛利瓶頸股,已獲利成長,已獲利成長,中,"Forward PE, PEG, EV/EBITDA","PE, PB, EV/EBITDA peer/history blend",合理反映,估值與高毛利設備/晶片股大致相符,complete,413.85,201580969984.0,61.768658,28.013319,33.638,15.822442,5.974189,0.372,0.64491,0.48268002,0.26007998,,,https://finance.yahoo.com/quote/ADI
US,TXN,TXN,Texas Instruments,US,USD,2. L2 AI 晶片 / ASIC / CPU / 電源 IC,2. L2 AI 晶片 / ASIC / CPU / 電源 IC,Analog / embedded / power IC,半導體設備 / 高毛利瓶頸股,半導體設備 / 高毛利瓶頸股,成熟複利,成熟複利,中,"Forward PE, PEG, EV/EBITDA","PE, PB, EV/EBITDA peer/history blend",偏熱,PE > 30x 已反映明顯 AI / 製程升級期待,complete,305.68,278197174272.0,52.342464,32.47213,33.138,15.08825,16.579702,0.186,0.57322,0.46995,0.29108,,,https://finance.yahoo.com/quote/TXN
US,MCHP,MCHP,Microchip,US,USD,2. L2 AI 晶片 / ASIC / CPU / 電源 IC,2. L2 AI 晶片 / ASIC / CPU / 電源 IC,MCU、timing、control、connectivity,半導體設備 / 高毛利瓶頸股,半導體設備 / 高毛利瓶頸股,已獲利成長,已獲利成長,中,"Forward PE, PEG, EV/EBITDA","PE, PB, EV/EBITDA peer/history blend",合理反映,估值與高毛利設備/晶片股大致相符,complete,94.65,51307806720.0,430.2273,23.13457,46.518,10.886212,7.9678426,0.351,0.57735,0.25866,0.048800003,,,https://finance.yahoo.com/quote/MCHP
US,TSM,TSM,TSMC,US,USD,3. L3 半導體製造 / 記憶體,3. L3 半導體製造 / 記憶體,先進製程晶圓代工、AI GPU/ASIC 核心,封測 / 代工 / 資本密集,封測 / 代工 / 資本密集,已獲利成長,已獲利成長,中高,"EV/EBITDA, ROIC, normalized PE","EV/EBITDA, normalized PE, utilization/ROIC",資料不足,需要利用率、折舊與 capex 後 FCF 支持,complete,418.45,2170280083456.0,35.8569,21.44058,3.012,0.52883303,64.00909,0.351,0.61873,0.69593,0.46505,,,https://finance.yahoo.com/quote/TSM
US,MU,MU,Micron,US,USD,3. L3 半導體製造 / 記憶體,3. L3 半導體製造 / 記憶體,HBM、DRAM、NAND，美系記憶體核心,封測 / 代工 / 資本密集,封測 / 代工 / 資本密集,已獲利成長,已獲利成長,中高,"EV/EBITDA, ROIC, normalized PE","EV/EBITDA, normalized PE, utilization/ROIC",過熱,資本密集模式 EV/EBITDA > 25x，需要高利用率多年維持,complete,971.0,1095029751808.0,45.86679,9.222632,29.651,18.841166,15.115899,1.963,0.58437,0.63324,0.41486,,,https://finance.yahoo.com/quote/MU
US,GFS,GFS,GlobalFoundries,US,USD,3. L3 半導體製造 / 記憶體,3. L3 半導體製造 / 記憶體,Specialty foundry,封測 / 代工 / 資本密集,封測 / 代工 / 資本密集,成熟複利,成熟複利,中,"EV/EBITDA, ROIC, normalized PE","EV/EBITDA, normalized PE, utilization/ROIC",資料不足,需要利用率、折舊與 capex 後 FCF 支持,complete,79.97,43856863232.0,50.936306,31.831009,20.97,6.4118223,3.7507625,0.031,0.26111,0.29722,0.11374,,,https://finance.yahoo.com/quote/GFS
US,UMC,UMC,UMC,US,USD,3. L3 半導體製造 / 記憶體,3. L3 半導體製造 / 記憶體,Mature-node foundry,封測 / 代工 / 資本密集,封測 / 代工 / 資本密集,成熟複利,成熟複利,中,"EV/EBITDA, ROIC, normalized PE","EV/EBITDA, normalized PE, utilization/ROIC",資料不足,需要利用率、折舊與 capex 後 FCF 支持,complete,22.18,55655976960.0,35.20635,27.587408,2.123,0.23119462,4.3155994,0.055,0.29609,0.43205002,0.20816,,,https://finance.yahoo.com/quote/UMC
US,WDC,WDC,Western Digital,US,USD,3. L3 半導體製造 / 記憶體,3. L3 半導體製造 / 記憶體,NAND / storage,封測 / 代工 / 資本密集,封測 / 代工 / 資本密集,已獲利成長,已獲利成長,中,"EV/EBITDA, ROIC, normalized PE","EV/EBITDA, normalized PE, utilization/ROIC",過熱,資本密集模式 EV/EBITDA > 25x，需要高利用率多年維持,complete,531.21,183098605568.0,31.751945,30.159443,46.229,15.547134,25.398518,0.455,0.45428002,0.33353,0.55286,,,https://finance.yahoo.com/quote/WDC
US,STX,STX,Seagate,US,USD,3. L3 半導體製造 / 記憶體,3. L3 半導體製造 / 記憶體,HDD / enterprise storage,封測 / 代工 / 資本密集,封測 / 代工 / 資本密集,已獲利成長,已獲利成長,中,"EV/EBITDA, ROIC, normalized PE","EV/EBITDA, normalized PE, utilization/ROIC",過熱,資本密集模式 EV/EBITDA > 25x，需要高利用率多年維持,complete,879.8,199056605184.0,83.31439,33.26724,57.003,18.079618,418.15588,0.441,0.41571,0.31916,0.21599,,,https://finance.yahoo.com/quote/STX
US,ASML,ASML,ASML,US,USD,4. L3 半導體設備 / EDA / 測試,4. L3 半導體設備 / EDA / 測試,EUV / lithography,半導體設備 / 高毛利瓶頸股,半導體設備 / 高毛利瓶頸股,成熟複利,成熟複利,中,"Forward PE, EV/EBITDA, Reverse DCF","PE, PB, EV/EBITDA peer/history blend",偏熱,PE > 30x 已反映明顯 AI / 製程升級期待,complete,1612.76,621586219008.0,53.758667,33.82436,48.478,18.44869,1427.0149,0.132,0.52603,0.37707,0.29713,,,https://finance.yahoo.com/quote/ASML
US,AMAT,AMAT,Applied Materials,US,USD,4. L3 半導體設備 / EDA / 測試,4. L3 半導體設備 / EDA / 測試,Deposition、etch、materials engineering,半導體設備 / 高毛利瓶頸股,半導體設備 / 高毛利瓶頸股,成熟複利,成熟複利,中,"Forward PE, EV/EBITDA, Reverse DCF","PE, PB, EV/EBITDA peer/history blend",合理反映,估值與高毛利設備/晶片股大致相符,complete,450.06,357329371136.0,42.378532,27.833576,38.421,12.311514,14.945208,0.114,0.48956,0.31956,0.29314,,,https://finance.yahoo.com/quote/AMAT
US,LRCX,LRCX,Lam Research,US,USD,4. L3 半導體設備 / EDA / 測試,4. L3 半導體設備 / EDA / 測試,Etch / deposition,半導體設備 / 高毛利瓶頸股,半導體設備 / 高毛利瓶頸股,成熟複利,成熟複利,中,"Forward PE, EV/EBITDA, Reverse DCF","PE, PB, EV/EBITDA peer/history blend",偏熱,PE > 30x 已反映明顯 AI / 製程升級期待,complete,318.18,397906673664.0,60.26136,40.06129,50.574,18.352068,37.592155,0.238,0.49979,0.36195,0.30938998,,,https://finance.yahoo.com/quote/LRCX
US,KLAC,KLAC,KLA,US,USD,4. L3 半導體設備 / EDA / 測試,4. L3 半導體設備 / EDA / 測試,Process control / inspection,半導體設備 / 高毛利瓶頸股,半導體設備 / 高毛利瓶頸股,成熟複利,成熟複利,中,"Forward PE, EV/EBITDA, Reverse DCF","PE, PB, EV/EBITDA peer/history blend",偏熱,PE > 30x 已反映明顯 AI / 製程升級期待,complete,1921.71,251028209664.0,54.347,38.54616,43.112,19.167345,43.08187,0.115,0.61446,0.44669998,0.35661998,,,https://finance.yahoo.com/quote/KLAC
US,TER,TER,Teradyne,US,USD,4. L3 半導體設備 / EDA / 測試,4. L3 半導體設備 / EDA / 測試,Semiconductor test,半導體設備 / 高毛利瓶頸股,半導體設備 / 高毛利瓶頸股,已獲利成長,已獲利成長,中,"Forward PE, EV/EBITDA, Reverse DCF","PE, PB, EV/EBITDA peer/history blend",偏熱,PE > 30x 已反映明顯 AI / 製程升級期待,complete,374.31,58595295232.0,69.44527,39.3463,50.309,15.47341,20.89833,0.87,0.58702,0.30671,0.22553,,,https://finance.yahoo.com/quote/TER
US,SNPS,SNPS,Synopsys,US,USD,4. L3 半導體設備 / EDA / 測試,4. L3 半導體設備 / EDA / 測試,EDA / IP,半導體設備 / 高毛利瓶頸股,半導體設備 / 高毛利瓶頸股,已獲利成長,已獲利成長,中,"Forward PE, EV/EBITDA, Reverse DCF","PE, PB, EV/EBITDA peer/history blend",合理反映,估值與高毛利設備/晶片股大致相符,complete,475.62,91071397888.0,108.589035,27.633432,58.616,10.4928465,2.987544,0.419,0.82598996,0.19543,0.089090005,,,https://finance.yahoo.com/quote/SNPS
US,CDNS,CDNS,Cadence,US,USD,4. L3 半導體設備 / EDA / 測試,4. L3 半導體設備 / EDA / 測試,EDA / simulation,半導體設備 / 高毛利瓶頸股,半導體設備 / 高毛利瓶頸股,成熟複利,成熟複利,中,"Forward PE, EV/EBITDA, Reverse DCF","PE, PB, EV/EBITDA peer/history blend",偏熱,PE > 30x 已反映明顯 AI / 製程升級期待,complete,374.93,103411687424.0,87.80562,39.949917,52.104,18.704817,15.760646,0.187,0.86079,0.36433,0.21180001,,,https://finance.yahoo.com/quote/CDNS
US,ANSS,ANSS,Ansys,US,,4. L3 半導體設備 / EDA / 測試,4. L3 半導體設備 / EDA / 測試,Simulation / multiphysics,半導體設備 / 高毛利瓶頸股,半導體設備 / 高毛利瓶頸股,早期高成長,早期高成長,中,"Forward PE, EV/EBITDA, Reverse DCF","PE, PB, EV/EBITDA peer/history blend",資料不足,缺少可用的 PE / EV/EBITDA / PS / PB 基礎,complete,,,,,,,,,,,,,,https://finance.yahoo.com/quote/ANSS
US,KEYS,KEYS,Keysight,US,USD,4. L3 半導體設備 / EDA / 測試,4. L3 半導體設備 / EDA / 測試,Test and measurement,半導體設備 / 高毛利瓶頸股,半導體設備 / 高毛利瓶頸股,已獲利成長,已獲利成長,中,"Forward PE, EV/EBITDA, Reverse DCF","PE, PB, EV/EBITDA peer/history blend",合理反映,估值與高毛利設備/晶片股大致相符,complete,338.33,57765953536.0,54.30658,28.535738,38.24,9.488494,9.138373,0.315,0.63666,0.25,0.17312999,,,https://finance.yahoo.com/quote/KEYS
US,ENTG,ENTG,Entegris,US,USD,4. L3 半導體設備 / EDA / 測試,4. L3 半導體設備 / EDA / 測試,Materials / filtration / contamination control,半導體設備 / 高毛利瓶頸股,半導體設備 / 高毛利瓶頸股,成熟複利,成熟複利,中,"Forward PE, EV/EBITDA, Reverse DCF","PE, PB, EV/EBITDA peer/history blend",偏熱,PE > 30x 已反映明顯 AI / 製程升級期待,complete,138.79,21137715200.0,80.225426,30.01942,27.796,6.5334635,5.332744,0.05,0.44775,0.27222002,0.08182,,,https://finance.yahoo.com/quote/ENTG
US,MKSI,MKSI,MKS,US,USD,4. L3 半導體設備 / EDA / 測試,4. L3 半導體設備 / EDA / 測試,Process subsystems / photonics / vacuum,半導體設備 / 高毛利瓶頸股,半導體設備 / 高毛利瓶頸股,成熟複利,成熟複利,中,"Forward PE, EV/EBITDA, Reverse DCF","PE, PB, EV/EBITDA peer/history blend",合理反映,估值與高毛利設備/晶片股大致相符,complete,324.26,21901858816.0,67.979034,21.695917,27.232,5.3773284,7.7633595,0.152,0.46648997,0.23103,0.08028,,,https://finance.yahoo.com/quote/MKSI
US,ICHR,ICHR,Ichor,US,USD,4. L3 半導體設備 / EDA / 測試,4. L3 半導體設備 / EDA / 測試,Fluid delivery subsystems,半導體設備 / 高毛利瓶頸股,半導體設備 / 高毛利瓶頸股,轉機 / 虧轉盈,轉機 / 虧轉盈,中,"Forward PE, EV/EBITDA, Reverse DCF","PE, PB, EV/EBITDA peer/history blend",資料不足,虧損公司需要 breakeven revenue / cash burn 資料,complete,71.52,2493691392.0,,27.372303,94.264,2.5996127,3.7095432,0.047,0.11995,0.02826,-0.05284,,,https://finance.yahoo.com/quote/ICHR
US,AEIS,AEIS,Advanced Energy,US,USD,4. L3 半導體設備 / EDA / 測試,4. L3 半導體設備 / EDA / 測試,Power conversion for semiconductor equipment,半導體設備 / 高毛利瓶頸股,半導體設備 / 高毛利瓶頸股,已獲利成長,已獲利成長,中,"Forward PE, EV/EBITDA, Reverse DCF","PE, PB, EV/EBITDA peer/history blend",合理反映,估值與高毛利設備/晶片股大致相符,complete,302.18,12090420224.0,62.823284,25.70152,38.9,6.346011,8.294356,0.263,0.39004,0.15484,0.099989995,,,https://finance.yahoo.com/quote/AEIS
US,AMKR,AMKR,Amkor,US,USD,5. L3 先進封裝 / ABF / PCB / CCL,5. L3 先進封裝 / ABF / PCB / CCL,OSAT / advanced packaging,封測 / 代工 / 資本密集,封測 / 代工 / 資本密集,已獲利成長,已獲利成長,中,"EV/EBITDA, utilization scenario","EV/EBITDA, normalized PE, utilization/ROIC",合理反映,EV/EBITDA 落在可解釋區間，需追蹤利用率與 capex,complete,69.56,17242011648.0,39.97701,28.369255,14.263,2.4383752,3.8025475,0.275,0.14425999,0.16902,0.061680004,,,https://finance.yahoo.com/quote/AMKR
US,TTMI,TTMI,TTM Technologies,US,USD,5. L3 先進封裝 / ABF / PCB / CCL,5. L3 先進封裝 / ABF / PCB / CCL,PCB / aerospace and data center exposure,封測 / 代工 / 資本密集,封測 / 代工 / 資本密集,已獲利成長,已獲利成長,中,"EV/EBITDA, utilization scenario","EV/EBITDA, normalized PE, utilization/ROIC",過熱,資本密集模式 EV/EBITDA > 25x，需要高利用率多年維持,complete,173.72,18040832000.0,94.41304,32.17037,42.551,5.812773,10.190649,0.304,0.21004,0.14141,0.06291,,,https://finance.yahoo.com/quote/TTMI
US,ROG,ROG,Rogers,US,USD,5. L3 先進封裝 / ABF / PCB / CCL,5. L3 先進封裝 / ABF / PCB / CCL,High-performance materials,封測 / 代工 / 資本密集,封測 / 代工 / 資本密集,轉機 / 虧轉盈,轉機 / 虧轉盈,中,"EV/EBITDA, utilization scenario","EV/EBITDA, normalized PE, utilization/ROIC",資料不足,虧損公司需要 breakeven revenue / cash burn 資料,complete,141.52,2525924864.0,,32.409134,19.982,3.0773938,2.1067674,0.052,0.32212,0.14388,-0.0681,,,https://finance.yahoo.com/quote/ROG
US,DELL,DELL,Dell,US,USD,6. L2/L3 AI Server / ODM / Rack,6. L2/L3 AI Server / ODM / Rack,AI server / enterprise infrastructure,ODM / EMS / 低毛利代工,ODM / EMS / 低毛利代工,已獲利成長,已獲利成長,中高,"EV/EBITDA, EV/EBIT, FCF conversion","EV/EBITDA, EV/EBIT, FCF conversion",偏熱,EV/EBITDA 偏高，需要訂單與現金轉換支持,complete,420.91,273409769472.0,48.547867,21.199621,21.033,2.040341,-111.116684,0.875,0.19173999,0.103870004,0.062750004,,,https://finance.yahoo.com/quote/DELL
US,HPE,HPE,HPE,US,USD,6. L2/L3 AI Server / ODM / Rack,6. L2/L3 AI Server / ODM / Rack,AI server / HPC / networking,ODM / EMS / 低毛利代工,ODM / EMS / 低毛利代工,轉機 / 虧轉盈,轉機 / 虧轉盈,中,"EV/EBITDA, EV/EBIT, FCF conversion","EV/EBITDA, EV/EBIT, FCF conversion",資料不足,虧損公司需要 breakeven revenue / cash burn 資料,complete,43.04,57107804160.0,,15.752412,15.13,1.597734,2.3087652,0.184,0.32071,0.13681,-0.0033000002,,,https://finance.yahoo.com/quote/HPE
US,SMCI,SMCI,Super Micro,US,USD,6. L2/L3 AI Server / ODM / Rack,6. L2/L3 AI Server / ODM / Rack,AI server / rack-scale systems,ODM / EMS / 低毛利代工,ODM / EMS / 低毛利代工,已獲利成長,已獲利成長,高,"EV/EBITDA, EV/EBIT, FCF conversion","EV/EBITDA, EV/EBIT, FCF conversion",偏熱,EV/EBITDA 偏高，需要訂單與現金轉換支持,complete,46.09,27719378944.0,24.257895,14.313531,22.529,0.8225285,3.6588075,1.227,0.08394,0.04684,0.03701,,,https://finance.yahoo.com/quote/SMCI
US,ANET,ANET,Arista,US,USD,7. L2/L3 Networking / 光通訊,7. L2/L3 Networking / 光通訊,Data center switching / AI Ethernet,零組件 / 連接器 / 電源 / 散熱,零組件 / 連接器 / 電源 / 散熱,已獲利成長,已獲利成長,高,"Forward PE, EV/EBITDA","PE, EV/EBITDA, margin stability",過熱,PS > 20x，元件/光通訊估值已高度反映 AI 需求,complete,159.47,200799748096.0,54.989655,35.83974,44.476,20.6799,14.888432,0.351,0.63537,0.43638,0.38317,,,https://finance.yahoo.com/quote/ANET
US,CSCO,CSCO,Cisco,US,USD,7. L2/L3 Networking / 光通訊,7. L2/L3 Networking / 光通訊,Networking / optics / enterprise data center,零組件 / 連接器 / 電源 / 散熱,零組件 / 連接器 / 電源 / 散熱,成熟複利,成熟複利,中,"Forward PE, EV/EBITDA","PE, EV/EBITDA, margin stability",合理反映,估值與工業/元件成長股區間大致相符,complete,120.42,474627538944.0,40.14,25.232481,28.87,7.8133135,9.739566,0.12,0.64296997,0.27997,0.19685,,,https://finance.yahoo.com/quote/CSCO
US,NOK,NOK,Nokia,US,USD,7. L2/L3 Networking / 光通訊,7. L2/L3 Networking / 光通訊,Optical / IP networking,零組件 / 連接器 / 電源 / 散熱,零組件 / 連接器 / 電源 / 散熱,成熟複利,成熟複利,中,"Forward PE, EV/EBITDA","PE, EV/EBITDA, margin stability",偏熱,估值已反映 AI data center 需求擴張,complete,14.84,82844811264.0,92.75,30.42979,31.763,4.1430693,3.3743234,0.024,0.45359,0.12687999,0.039809998,,,https://finance.yahoo.com/quote/NOK
US,CIEN,CIEN,Ciena,US,USD,7. L2/L3 Networking / 光通訊,7. L2/L3 Networking / 光通訊,Optical networking,零組件 / 連接器 / 電源 / 散熱,零組件 / 連接器 / 電源 / 散熱,已獲利成長,已獲利成長,中,"Forward PE, EV/EBITDA","PE, EV/EBITDA, margin stability",過熱,EV/EBITDA > 80x，需訂單、毛利與現金流快速追上估值,complete,580.23,82043609088.0,369.5732,66.35059,144.315,16.01073,29.392128,0.331,0.42125,0.11133,0.044699997,,,https://finance.yahoo.com/quote/CIEN
US,COHR,COHR,Coherent,US,USD,7. L2/L3 Networking / 光通訊,7. L2/L3 Networking / 光通訊,Optical components / transceivers,零組件 / 連接器 / 電源 / 散熱,零組件 / 連接器 / 電源 / 散熱,成熟複利,成熟複利,高,"Forward PE, EV/EBITDA","PE, EV/EBITDA, margin stability",過熱,PE > 38x，若訂單或 margin 放緩容易壓縮,complete,361.47,70717751296.0,172.12859,44.64974,54.85,10.711429,6.6202083,0.205,0.36990002,0.19899,0.07102,,,https://finance.yahoo.com/quote/COHR
US,LITE,LITE,Lumentum,US,USD,7. L2/L3 Networking / 光通訊,7. L2/L3 Networking / 光通訊,Optical components,零組件 / 連接器 / 電源 / 散熱,零組件 / 連接器 / 電源 / 散熱,已獲利成長,已獲利成長,中,"Forward PE, EV/EBITDA","PE, EV/EBITDA, margin stability",過熱,EV/EBITDA > 80x，需訂單、毛利與現金流快速追上估值,complete,854.96,66515890176.0,151.58865,47.233612,120.759,26.730387,72.10593,0.901,0.40837002,0.20447001,0.17678,,,https://finance.yahoo.com/quote/LITE
US,FN,FN,Fabrinet,US,USD,7. L2/L3 Networking / 光通訊,7. L2/L3 Networking / 光通訊,Optical manufacturing,零組件 / 連接器 / 電源 / 散熱,零組件 / 連接器 / 電源 / 散熱,已獲利成長,已獲利成長,中,"Forward PE, EV/EBITDA","PE, EV/EBITDA, margin stability",偏熱,估值已反映 AI data center 需求擴張,complete,654.16,23438381056.0,56.19931,37.88316,46.898,5.5344453,10.169607,0.393,0.12037,0.11327,0.0994,,,https://finance.yahoo.com/quote/FN
US,AAOI,AAOI,Applied Optoelectronics,US,USD,7. L2/L3 Networking / 光通訊,7. L2/L3 Networking / 光通訊,Optical transceivers,零組件 / 連接器 / 電源 / 散熱,零組件 / 連接器 / 電源 / 散熱,轉機 / 虧轉盈,轉機 / 虧轉盈,中,"Forward PE, EV/EBITDA","PE, EV/EBITDA, margin stability",極度過熱 / priced for perfection,虧損且 PS > 20x，需要高成長與快速轉盈同時成立,complete,158.41,12711257088.0,,33.19573,-457.167,25.071512,11.310961,0.514,0.29642,-0.05415,-0.085480005,,,https://finance.yahoo.com/quote/AAOI
US,VIAV,VIAV,Viavi,US,USD,7. L2/L3 Networking / 光通訊,7. L2/L3 Networking / 光通訊,Optical test and measurement,零組件 / 連接器 / 電源 / 散熱,零組件 / 連接器 / 電源 / 散熱,轉機 / 虧轉盈,轉機 / 虧轉盈,中,"Forward PE, EV/EBITDA","PE, EV/EBITDA, margin stability",偏熱,虧損但營收倍數已不低，需要毛利與現金流改善,complete,48.56,11979055104.0,,37.929203,54.894,8.771367,13.418072,0.428,0.60357,0.15999,-0.040349998,,,https://finance.yahoo.com/quote/VIAV
US,MTSI,MTSI,MACOM,US,USD,7. L2/L3 Networking / 光通訊,7. L2/L3 Networking / 光通訊,RF / optical / high-speed components,零組件 / 連接器 / 電源 / 散熱,零組件 / 連接器 / 電源 / 散熱,成熟複利,成熟複利,中,"Forward PE, EV/EBITDA","PE, EV/EBITDA, margin stability",過熱,EV/EBITDA > 80x，需訂單、毛利與現金流快速追上估值,complete,364.64,27820492800.0,156.49786,53.27209,117.32,25.908062,20.213982,0.225,0.55684,0.21884,0.16459998,,,https://finance.yahoo.com/quote/MTSI
US,VRT,VRT,Vertiv,US,USD,8. L4 Data Center 電力 / 散熱 / 配電,8. L4 Data Center 電力 / 散熱 / 配電,UPS、PDU、thermal、liquid cooling,零組件 / 連接器 / 電源 / 散熱,零組件 / 連接器 / 電源 / 散熱,已獲利成長,已獲利成長,高,"Forward PE, EV/EBITDA","PE, EV/EBITDA, margin stability",偏熱,估值已反映 AI data center 需求擴張,complete,315.71,121266987008.0,79.32412,35.726772,51.209,11.183483,30.642529,0.301,0.37151,0.21977,0.14372,,,https://finance.yahoo.com/quote/VRT
US,ETN,ETN,Eaton,US,USD,8. L4 Data Center 電力 / 散熱 / 配電,8. L4 Data Center 電力 / 散熱 / 配電,Switchgear、UPS、transformer、power management,零組件 / 連接器 / 電源 / 散熱,零組件 / 連接器 / 電源 / 散熱,成熟複利,成熟複利,中高,"Forward PE, EV/EBITDA","PE, EV/EBITDA, margin stability",合理反映,估值與工業/元件成長股區間大致相符,complete,400.6,155552989184.0,39.19765,25.480738,27.854,5.4537897,7.8876905,0.168,0.37105,0.22239,0.13986,,,https://finance.yahoo.com/quote/ETN
US,GEV,GEV,GE Vernova,US,USD,8. L4 Data Center 電力 / 散熱 / 配電,8. L4 Data Center 電力 / 散熱 / 配電,Grid、gas power、electrification,零組件 / 連接器 / 電源 / 散熱,零組件 / 連接器 / 電源 / 散熱,成熟複利,成熟複利,中高,"Forward PE, EV/EBITDA","PE, EV/EBITDA, margin stability",過熱,PE > 38x，若訂單或 margin 放緩容易壓縮,complete,968.32,260206952448.0,28.330017,39.504578,74.768,6.6084304,18.69019,0.163,0.20282,0.08673,0.23809999,,,https://finance.yahoo.com/quote/GEV
US,HUBB,HUBB,Hubbell,US,USD,8. L4 Data Center 電力 / 散熱 / 配電,8. L4 Data Center 電力 / 散熱 / 配電,Electrical products、utility components,零組件 / 連接器 / 電源 / 散熱,零組件 / 連接器 / 電源 / 散熱,成熟複利,成熟複利,中,"Forward PE, EV/EBITDA","PE, EV/EBITDA, margin stability",合理反映,估值與工業/元件成長股區間大致相符,complete,473.61,25026392064.0,28.007687,21.751919,18.585,4.173778,6.6407266,0.111,0.35685003,0.24461001,0.15105,,,https://finance.yahoo.com/quote/HUBB
US,RRX,RRX,Regal Rexnord,US,USD,8. L4 Data Center 電力 / 散熱 / 配電,8. L4 Data Center 電力 / 散熱 / 配電,Motors、power transmission、thermal components,零組件 / 連接器 / 電源 / 散熱,零組件 / 連接器 / 電源 / 散熱,成熟複利,成熟複利,中,"Forward PE, EV/EBITDA","PE, EV/EBITDA, margin stability",未充分反映,估值低且成長仍正，可能未完全反映 AI 需求,complete,201.76,13431076864.0,46.920925,14.918905,14.914,2.240193,1.9744388,0.043,0.37568,0.2002,0.04779,,,https://finance.yahoo.com/quote/RRX
US,ATKR,ATKR,Atkore,US,USD,8. L4 Data Center 電力 / 散熱 / 配電,8. L4 Data Center 電力 / 散熱 / 配電,Electrical conduit / cable management,零組件 / 連接器 / 電源 / 散熱,零組件 / 連接器 / 電源 / 散熱,轉機 / 虧轉盈,轉機 / 虧轉盈,中,"Forward PE, EV/EBITDA","PE, EV/EBITDA, margin stability",資料不足,虧損公司需要 breakeven revenue / cash burn 資料,complete,82.81,2796267008.0,,13.457601,11.433,0.97295946,2.1830597,0.042,0.20871,0.0996,-0.041929998,,,https://finance.yahoo.com/quote/ATKR
US,WCC,WCC,WESCO,US,USD,8. L4 Data Center 電力 / 散熱 / 配電,8. L4 Data Center 電力 / 散熱 / 配電,Electrical distribution,零組件 / 連接器 / 電源 / 散熱,零組件 / 連接器 / 電源 / 散熱,成熟複利,成熟複利,中,"Forward PE, EV/EBITDA","PE, EV/EBITDA, margin stability",合理反映,估值與工業/元件成長股區間大致相符,complete,361.17,17590747136.0,25.70605,19.200855,15.501,0.7254724,3.492704,0.138,0.21191,0.06226,0.02786,,,https://finance.yahoo.com/quote/WCC
US,EMR,EMR,Emerson,US,USD,8. L4 Data Center 電力 / 散熱 / 配電,8. L4 Data Center 電力 / 散熱 / 配電,Automation、thermal / infrastructure systems,零組件 / 連接器 / 電源 / 散熱,零組件 / 連接器 / 電源 / 散熱,成熟複利,成熟複利,中,"Forward PE, EV/EBITDA","PE, EV/EBITDA, margin stability",合理反映,估值與工業/元件成長股區間大致相符,complete,143.82,80553582592.0,33.36891,20.102428,15.802,4.39799,3.967558,0.029,0.52669996,0.32076,0.13354,,,https://finance.yahoo.com/quote/EMR
US,ROK,ROK,Rockwell Automation,US,USD,8. L4 Data Center 電力 / 散熱 / 配電,8. L4 Data Center 電力 / 散熱 / 配電,Industrial automation,零組件 / 連接器 / 電源 / 散熱,零組件 / 連接器 / 電源 / 散熱,成熟複利,成熟複利,中,"Forward PE, EV/EBITDA","PE, EV/EBITDA, margin stability",偏熱,估值已反映 AI data center 需求擴張,complete,451.06,50191228928.0,46.936527,31.080856,27.362,5.700958,14.2506,0.119,0.48921,0.22365,0.12358,,,https://finance.yahoo.com/quote/ROK
US,PH,PH,Parker-Hannifin,US,USD,8. L4 Data Center 電力 / 散熱 / 配電,8. L4 Data Center 電力 / 散熱 / 配電,Motion control、fluid connectors、thermal components,零組件 / 連接器 / 電源 / 散熱,零組件 / 連接器 / 電源 / 散熱,成熟複利,成熟複利,中,"Forward PE, EV/EBITDA","PE, EV/EBITDA, margin stability",合理反映,估值與工業/元件成長股區間大致相符,complete,844.63,106496352256.0,31.155663,24.821735,21.101,5.074396,7.2897773,0.106,0.37442002,0.26107,0.16582,,,https://finance.yahoo.com/quote/PH
US,HON,HON,Honeywell,US,USD,8. L4 Data Center 電力 / 散熱 / 配電,8. L4 Data Center 電力 / 散熱 / 配電,Building automation、control systems,零組件 / 連接器 / 電源 / 散熱,零組件 / 連接器 / 電源 / 散熱,成熟複利,成熟複利,中,"Forward PE, EV/EBITDA","PE, EV/EBITDA, margin stability",合理反映,估值與工業/元件成長股區間大致相符,complete,237.86,150720724992.0,37.996803,20.762157,20.779,4.0021434,11.090595,0.024,0.36925,0.22639,0.1089,,,https://finance.yahoo.com/quote/HON
US,JCI,JCI,Johnson Controls,US,USD,8. L4 Data Center 電力 / 散熱 / 配電,8. L4 Data Center 電力 / 散熱 / 配電,Building systems / HVAC,零組件 / 連接器 / 電源 / 散熱,零組件 / 連接器 / 電源 / 散熱,成熟複利,成熟複利,中,"Forward PE, EV/EBITDA","PE, EV/EBITDA, margin stability",合理反映,估值與工業/元件成長股區間大致相符,complete,134.06,81792090112.0,40.99694,23.547224,20.982,3.3476074,6.050731,0.082,0.36561,0.17681,0.14452,,,https://finance.yahoo.com/quote/JCI
US,TT,TT,Trane Technologies,US,USD,8. L4 Data Center 電力 / 散熱 / 配電,8. L4 Data Center 電力 / 散熱 / 配電,Cooling / HVAC,零組件 / 連接器 / 電源 / 散熱,零組件 / 連接器 / 電源 / 散熱,成熟複利,成熟複利,中,"Forward PE, EV/EBITDA","PE, EV/EBITDA, margin stability",合理反映,估值與工業/元件成長股區間大致相符,complete,451.3,99762331648.0,34.4767,26.508745,24.407,4.6180277,11.65036,0.06,0.35924998,0.19597,0.13415,,,https://finance.yahoo.com/quote/TT
US,CARR,CARR,Carrier,US,USD,8. L4 Data Center 電力 / 散熱 / 配電,8. L4 Data Center 電力 / 散熱 / 配電,Cooling / HVAC,零組件 / 連接器 / 電源 / 散熱,零組件 / 連接器 / 電源 / 散熱,成熟複利,成熟複利,中,"Forward PE, EV/EBITDA","PE, EV/EBITDA, margin stability",合理反映,估值與工業/元件成長股區間大致相符,complete,63.87,53049171968.0,42.579998,19.952703,20.567,2.4256594,3.947466,0.024,0.25180998,0.14362,0.059899997,,,https://finance.yahoo.com/quote/CARR
US,MOD,MOD,Modine,US,USD,8. L4 Data Center 電力 / 散熱 / 配電,8. L4 Data Center 電力 / 散熱 / 配電,Thermal management,零組件 / 連接器 / 電源 / 散熱,零組件 / 連接器 / 電源 / 散熱,已獲利成長,已獲利成長,中,"Forward PE, EV/EBITDA","PE, EV/EBITDA, margin stability",合理反映,估值與工業/元件成長股區間大致相符,complete,278.91,14730850304.0,123.41151,24.376793,33.993,4.630741,13.127647,0.475,0.23023,0.14099,0.03819,,,https://finance.yahoo.com/quote/MOD
US,AAON,AAON,AAON,US,USD,8. L4 Data Center 電力 / 散熱 / 配電,8. L4 Data Center 電力 / 散熱 / 配電,HVAC / precision cooling exposure,零組件 / 連接器 / 電源 / 散熱,零組件 / 連接器 / 電源 / 散熱,已獲利成長,已獲利成長,中,"Forward PE, EV/EBITDA","PE, EV/EBITDA, margin stability",過熱,PE > 38x，若訂單或 margin 放緩容易壓縮,complete,140.2,11484021760.0,98.7324,42.58809,47.51,7.102239,12.284237,0.543,0.26242,0.15526,0.07305,,,https://finance.yahoo.com/quote/AAON
US,PWR,PWR,Quanta Services,US,USD,9. L4 EPC / 建設 / 機電工程,9. L4 EPC / 建設 / 機電工程,Grid construction、substation、utility EPC,成熟複利 / 工程服務,成熟複利 / 工程服務,已獲利成長,已獲利成長,中,"PE, EV/EBITDA, backlog support","PE, PB, EV/EBITDA peer/history blend",過熱,PE > 60x，需要高成長兌現,complete,711.73,106802307072.0,98.03443,43.283466,42.441,3.545758,11.808243,0.263,0.15100001,0.08828,0.036679998,,,https://finance.yahoo.com/quote/PWR
US,MTZ,MTZ,MasTec,US,USD,9. L4 EPC / 建設 / 機電工程,9. L4 EPC / 建設 / 機電工程,Infrastructure construction,成熟複利 / 工程服務,成熟複利 / 工程服務,已獲利成長,已獲利成長,中,"PE, EV/EBITDA, backlog support","PE, PB, EV/EBITDA peer/history blend",過熱,PE > 60x，需要高成長兌現,complete,378.37,29898252288.0,66.26445,32.280796,26.928,1.9566594,8.916671,0.345,0.12824,0.07869,0.02945,,,https://finance.yahoo.com/quote/MTZ
US,DY,DY,Dycom,US,USD,9. L4 EPC / 建設 / 機電工程,9. L4 EPC / 建設 / 機電工程,Telecom / infrastructure services,成熟複利 / 工程服務,成熟複利 / 工程服務,已獲利成長,已獲利成長,中,"PE, EV/EBITDA, backlog support","PE, PB, EV/EBITDA peer/history blend",合理反映,以可得倍數未見明顯過熱，但需補 forward estimates,complete,510.0,15316042752.0,48.75717,26.031883,21.533,2.4497492,8.063496,0.561,0.20462999,0.13196999,0.04981,,,https://finance.yahoo.com/quote/DY
US,ACM,ACM,AECOM,US,USD,9. L4 EPC / 建設 / 機電工程,9. L4 EPC / 建設 / 機電工程,Engineering / infrastructure design,成熟複利 / 工程服務,成熟複利 / 工程服務,成熟複利,成熟複利,中,"PE, EV/EBITDA, backlog support","PE, PB, EV/EBITDA peer/history blend",合理反映,以可得倍數未見明顯過熱，但需補 forward estimates,complete,69.37,8915635200.0,14.482255,10.323362,8.946,0.557721,3.916775,0.008,0.077259995,0.07988,0.03164,,,https://finance.yahoo.com/quote/ACM
US,FIX,FIX,Comfort Systems USA,US,USD,9. L4 EPC / 建設 / 機電工程,9. L4 EPC / 建設 / 機電工程,Mechanical / electrical contracting,成熟複利 / 工程服務,成熟複利 / 工程服務,成熟複利,成熟複利,中,"PE, EV/EBITDA, backlog support","PE, PB, EV/EBITDA peer/history blend",合理反映,以可得倍數未見明顯過熱，但需補 forward estimates,complete,1828.21,64323682304.0,52.914906,34.367683,38.456,6.3462577,99.60284,0.01,0.25128,0.1713,0.12073,,,https://finance.yahoo.com/quote/FIX
US,GVA,GVA,Granite Construction,US,USD,9. L4 EPC / 建設 / 機電工程,9. L4 EPC / 建設 / 機電工程,Infrastructure construction,成熟複利 / 工程服務,成熟複利 / 工程服務,已獲利成長,已獲利成長,中,"PE, EV/EBITDA, backlog support","PE, PB, EV/EBITDA peer/history blend",合理反映,以可得倍數未見明顯過熱，但需補 forward estimates,complete,136.84,5986298368.0,37.286102,18.066332,15.371,1.2909025,5.800025,0.304,0.15899,0.09806,0.039890002,,,https://finance.yahoo.com/quote/GVA
US,FLR,FLR,Fluor,US,USD,9. L4 EPC / 建設 / 機電工程,9. L4 EPC / 建設 / 機電工程,EPC / industrial projects,成熟複利 / 工程服務,成熟複利 / 工程服務,成熟複利,成熟複利,中,"PE, EV/EBITDA, backlog support","PE, PB, EV/EBITDA peer/history blend",合理反映,以可得倍數未見明顯過熱，但需補 forward estimates,complete,45.76,6391293952.0,20.894976,13.874697,-10.961,0.42092294,2.2555203,-0.08,-0.01627,-0.02325,0.02305,,,https://finance.yahoo.com/quote/FLR
US,J,J,Jacobs,US,USD,9. L4 EPC / 建設 / 機電工程,9. L4 EPC / 建設 / 機電工程,Engineering / program management,成熟複利 / 工程服務,成熟複利 / 工程服務,已獲利成長,已獲利成長,中,"PE, EV/EBITDA, backlog support","PE, PB, EV/EBITDA peer/history blend",合理反映,以可得倍數未見明顯過熱，但需補 forward estimates,complete,119.86,14153174016.0,35.35693,14.486729,16.908,1.0742794,4.302225,0.27,0.2342,0.077800006,0.028959999,,,https://finance.yahoo.com/quote/J
US,CAT,CAT,Caterpillar,US,USD,10. L5 備援電力 / 微電網 / 燃料電池,10. L5 備援電力 / 微電網 / 燃料電池,Backup generators、engines,資本設備 / 轉機或成長,資本設備 / 轉機或成長,成熟複利,成熟複利,中,"PE, EV/EBITDA, margin repair","PE, PB, EV/EBITDA peer/history blend",偏熱,估值已反映 AI data center 需求擴張,complete,875.87,403418677248.0,43.662514,29.378874,30.446,5.7016277,21.620546,0.222,0.28601998,0.20573999,0.13328,,,https://finance.yahoo.com/quote/CAT
US,CMI,CMI,Cummins,US,USD,10. L5 備援電力 / 微電網 / 燃料電池,10. L5 備援電力 / 微電網 / 燃料電池,Generators、engines、power systems,資本設備 / 轉機或成長,資本設備 / 轉機或成長,成熟複利,成熟複利,中,"PE, EV/EBITDA, margin repair","PE, PB, EV/EBITDA peer/history blend",合理反映,估值與工業/元件成長股區間大致相符,complete,646.63,89227870208.0,33.556305,19.366163,19.046,2.6325564,7.224351,0.027,0.25847998,0.14764,0.07886,,,https://finance.yahoo.com/quote/CMI
US,GNRC,GNRC,Generac,US,USD,10. L5 備援電力 / 微電網 / 燃料電池,10. L5 備援電力 / 微電網 / 燃料電池,Backup power / distributed energy,資本設備 / 轉機或成長,資本設備 / 轉機或成長,成熟複利,成熟複利,中,"PE, EV/EBITDA, margin repair","PE, PB, EV/EBITDA peer/history blend",合理反映,估值與工業/元件成長股區間大致相符,complete,277.91,16360195072.0,86.84688,25.050253,33.153,3.781488,6.1048265,0.124,0.38138,0.121929996,0.04368,,,https://finance.yahoo.com/quote/GNRC
US,BE,BE,Bloom Energy,US,USD,10. L5 備援電力 / 微電網 / 燃料電池,10. L5 備援電力 / 微電網 / 燃料電池,Fuel cells / onsite power,資本設備 / 轉機或成長,資本設備 / 轉機或成長,已獲利成長,已獲利成長,中,"PE, EV/EBITDA, margin repair","PE, PB, EV/EBITDA peer/history blend",過熱,EV/EBITDA > 80x，需訂單、毛利與現金流快速追上估值,complete,285.0,81066500096.0,,65.50971,352.15,33.101513,87.9087,1.304,0.3009,0.094560005,0.00246,,,https://finance.yahoo.com/quote/BE
US,FCEL,FCEL,FuelCell Energy,US,USD,10. L5 備援電力 / 微電網 / 燃料電池,10. L5 備援電力 / 微電網 / 燃料電池,Fuel cell systems,資本設備 / 轉機或成長,資本設備 / 轉機或成長,轉機 / 虧轉盈,轉機 / 虧轉盈,中,"PE, EV/EBITDA, margin repair","PE, PB, EV/EBITDA peer/history blend",偏熱,虧損但營收倍數已不低，需要毛利與現金流改善,complete,21.66,1147500544.0,,-11.868493,-14.002,6.7620955,1.6383027,0.607,-0.15946999,-0.44334,-1.07506,,,https://finance.yahoo.com/quote/FCEL
US,PLUG,PLUG,Plug Power,US,USD,10. L5 備援電力 / 微電網 / 燃料電池,10. L5 備援電力 / 微電網 / 燃料電池,Hydrogen / fuel cell infrastructure,資本設備 / 轉機或成長,資本設備 / 轉機或成長,轉機 / 虧轉盈,轉機 / 虧轉盈,中,"PE, EV/EBITDA, margin repair","PE, PB, EV/EBITDA peer/history blend",偏熱,虧損但營收倍數已不低，需要毛利與現金流改善,complete,3.95,5510522880.0,,-24.042852,-10.273,7.4490886,7.3420076,0.223,-0.31239,-0.82999,-2.2713401,,,https://finance.yahoo.com/quote/PLUG
US,BLDP,BLDP,Ballard Power,US,USD,10. L5 備援電力 / 微電網 / 燃料電池,10. L5 備援電力 / 微電網 / 燃料電池,Fuel cell systems,資本設備 / 轉機或成長,資本設備 / 轉機或成長,轉機 / 虧轉盈,轉機 / 虧轉盈,中,"PE, EV/EBITDA, margin repair","PE, PB, EV/EBITDA peer/history blend",過熱,虧損且 PS > 10x，估值仰賴明確轉盈路徑,complete,6.29,1896283008.0,,-40.460567,-21.63,18.33894,3.2811685,0.262,0.11444,-0.62432,-0.78596,,,https://finance.yahoo.com/quote/BLDP
US,NEE,NEE,NextEra Energy,US,USD,11. L5 電力供應 / 公用事業 / 核能,11. L5 電力供應 / 公用事業 / 核能,Renewable / utility / grid-scale power,公用事業 / 資本密集,公用事業 / 資本密集,成熟複利,成熟複利,低到中,"PE, dividend yield, EV/EBITDA","PE, PB, EV/EBITDA peer/history blend",合理反映,估值接近成熟公用事業合理區間,complete,87.01,181468528640.0,22.083757,19.784397,20.853,6.5121846,3.285752,0.073,0.61401004,0.50811,0.29369,,,https://finance.yahoo.com/quote/NEE
US,CEG,CEG,Constellation Energy,US,USD,11. L5 電力供應 / 公用事業 / 核能,11. L5 電力供應 / 公用事業 / 核能,Nuclear power / clean firm power,公用事業 / 資本密集,公用事業 / 資本密集,成熟複利,成熟複利,低到中,"PE, dividend yield, EV/EBITDA","PE, PB, EV/EBITDA peer/history blend",合理反映,估值接近成熟公用事業合理區間,complete,287.75,103932436480.0,25.0,21.120787,15.819,3.479842,3.1140764,0.638,0.23263,0.26641,0.12693,,,https://finance.yahoo.com/quote/CEG
US,VST,VST,Vistra,US,USD,11. L5 電力供應 / 公用事業 / 核能,11. L5 電力供應 / 公用事業 / 核能,Independent power producer,公用事業 / 資本密集,公用事業 / 資本密集,成熟複利,成熟複利,低到中,"PE, dividend yield, EV/EBITDA","PE, PB, EV/EBITDA peer/history blend",未充分反映,公用事業估值偏低，若負載成長兌現有重評空間,complete,160.23,54026743808.0,26.794313,14.623195,11.161,2.7784388,20.66684,0.434,0.38637,0.34919,0.11525,,,https://finance.yahoo.com/quote/VST
US,NRG,NRG,NRG Energy,US,USD,11. L5 電力供應 / 公用事業 / 核能,11. L5 電力供應 / 公用事業 / 核能,Power generation / retail energy,公用事業 / 資本密集,公用事業 / 資本密集,成熟複利,成熟複利,低到中,"PE, dividend yield, EV/EBITDA","PE, PB, EV/EBITDA peer/history blend",未充分反映,公用事業估值偏低，若負載成長兌現有重評空間,complete,134.08,28289064960.0,147.34065,11.522652,23.082,0.87355065,24.756279,0.195,0.16445999,0.06973,0.00738,,,https://finance.yahoo.com/quote/NRG
US,DUK,DUK,Duke Energy,US,USD,11. L5 電力供應 / 公用事業 / 核能,11. L5 電力供應 / 公用事業 / 核能,Regulated utility,公用事業 / 資本密集,公用事業 / 資本密集,成熟複利,成熟複利,低到中,"PE, dividend yield, EV/EBITDA","PE, PB, EV/EBITDA peer/history blend",合理反映,估值接近成熟公用事業合理區間,complete,122.73,95679848448.0,18.881538,17.121048,11.394,2.9242902,1.7852675,0.113,0.5105,0.50361997,0.15706,,,https://finance.yahoo.com/quote/DUK
US,SO,SO,Southern Company,US,USD,11. L5 電力供應 / 公用事業 / 核能,11. L5 電力供應 / 公用事業 / 核能,Regulated utility / power generation,公用事業 / 資本密集,公用事業 / 資本密集,成熟複利,成熟複利,低到中,"PE, dividend yield, EV/EBITDA","PE, PB, EV/EBITDA peer/history blend",合理反映,估值接近成熟公用事業合理區間,complete,92.05,103768072192.0,23.5422,18.720613,12.994,3.4388757,2.7953234,0.08,0.48002997,0.46310002,0.14458999,,,https://finance.yahoo.com/quote/SO
US,AEP,AEP,American Electric Power,US,USD,11. L5 電力供應 / 公用事業 / 核能,11. L5 電力供應 / 公用事業 / 核能,Transmission / utility,公用事業 / 資本密集,公用事業 / 資本密集,成熟複利,成熟複利,低到中,"PE, dividend yield, EV/EBITDA","PE, PB, EV/EBITDA peer/history blend",合理反映,估值接近成熟公用事業合理區間,complete,126.67,68921786368.0,18.738165,18.478428,13.279,3.0723393,2.1662989,0.102,0.47243,0.40748,0.16289,,,https://finance.yahoo.com/quote/AEP
US,EXC,EXC,Exelon,US,USD,11. L5 電力供應 / 公用事業 / 核能,11. L5 電力供應 / 公用事業 / 核能,Utility / transmission,公用事業 / 資本密集,公用事業 / 資本密集,成熟複利,成熟複利,低到中,"PE, dividend yield, EV/EBITDA","PE, PB, EV/EBITDA peer/history blend",未充分反映,公用事業估值偏低，若負載成長兌現有重評空間,complete,45.64,46699216896.0,16.717949,15.02586,11.787,1.8840965,1.5930192,0.079,0.42641,0.33280998,0.11212,,,https://finance.yahoo.com/quote/EXC
US,PEG,PEG,PSEG,US,USD,11. L5 電力供應 / 公用事業 / 核能,11. L5 電力供應 / 公用事業 / 核能,Utility / power,公用事業 / 資本密集,公用事業 / 資本密集,成熟複利,成熟複利,低到中,"PE, dividend yield, EV/EBITDA","PE, PB, EV/EBITDA peer/history blend",合理反映,估值接近成熟公用事業合理區間,complete,78.65,39192981504.0,17.400442,16.744766,13.178,3.0633876,2.2636352,0.194,0.3536,0.37479,0.17688,,,https://finance.yahoo.com/quote/PEG
US,SRE,SRE,Sempra,US,USD,11. L5 電力供應 / 公用事業 / 核能,11. L5 電力供應 / 公用事業 / 核能,Utility / LNG / grid,公用事業 / 資本密集,公用事業 / 資本密集,成熟複利,成熟複利,低到中,"PE, dividend yield, EV/EBITDA","PE, PB, EV/EBITDA peer/history blend",合理反映,估值接近成熟公用事業合理區間,complete,89.13,58263392256.0,30.316324,16.097048,18.578,4.298295,1.8414147,-0.039,0.42457,0.41452998,0.1443,,,https://finance.yahoo.com/quote/SRE
US,OKLO,OKLO,Oklo,US,USD,11. L5 電力供應 / 公用事業 / 核能,11. L5 電力供應 / 公用事業 / 核能,Advanced nuclear,公用事業 / 資本密集,公用事業 / 資本密集,轉機 / 虧轉盈,轉機 / 虧轉盈,低到中,"PE, dividend yield, EV/EBITDA","PE, PB, EV/EBITDA peer/history blend",資料不足,虧損公司需要 breakeven revenue / cash burn 資料,complete,66.88,11636516864.0,,-79.71204,-54.794,,4.406958,,0.0,0.0,0.0,,,https://finance.yahoo.com/quote/OKLO
US,SMR,SMR,NuScale Power,US,USD,11. L5 電力供應 / 公用事業 / 核能,11. L5 電力供應 / 公用事業 / 核能,Small modular reactor,公用事業 / 資本密集,公用事業 / 資本密集,轉機 / 虧轉盈,轉機 / 虧轉盈,低到中,"PE, dividend yield, EV/EBITDA","PE, PB, EV/EBITDA peer/history blend",極度過熱 / priced for perfection,虧損且 PS > 20x，需要高成長與快速轉盈同時成立,complete,12.67,4385160192.0,,-18.907345,-16.948,234.88994,3.452316,-0.958,0.23836,0.0,0.0,,,https://finance.yahoo.com/quote/SMR
US,FCX,FCX,Freeport-McMoRan,US,USD,12. L5 原材料 / 工業氣體 / 電纜,12. L5 原材料 / 工業氣體 / 電纜,Copper,材料 / 化學品,材料 / 化學品,成熟複利,成熟複利,低到中,"EV/EBITDA, P/B, normalized margin","Mid-cycle PB, normalized EBITDA",偏熱,P/B 偏高，需要高 ROIC 或供給緊缺支持,complete,65.71,94462050304.0,34.767197,17.624323,11.564,3.575264,4.841229,0.088,0.38636002,0.37027,0.10344,,,https://finance.yahoo.com/quote/FCX
US,SCCO,SCCO,Southern Copper,US,USD,12. L5 原材料 / 工業氣體 / 電纜,12. L5 原材料 / 工業氣體 / 電纜,Copper,材料 / 化學品,材料 / 化學品,成熟複利,成熟複利,低到中,"EV/EBITDA, P/B, normalized margin","Mid-cycle PB, normalized EBITDA",偏熱,材料股 EV/EBITDA 偏高，需要 commodity spread 支持,complete,191.3,159606505472.0,32.368866,29.095146,18.275,10.969896,13.540487,0.362,0.62709,0.60826,0.34131,,,https://finance.yahoo.com/quote/SCCO
US,TECK,TECK,Teck Resources,US,USD,12. L5 原材料 / 工業氣體 / 電纜,12. L5 原材料 / 工業氣體 / 電纜,Copper / base metals,材料 / 化學品,材料 / 化學品,成熟複利,成熟複利,低到中,"EV/EBITDA, P/B, normalized margin","Mid-cycle PB, normalized EBITDA",合理反映,材料股估值未明顯過熱，但需看週期位置,complete,66.16,32411408384.0,24.234434,22.140373,7.424,2.6119275,1.7830343,0.722,0.30913,0.41134998,0.14909,,,https://finance.yahoo.com/quote/TECK
US,BHP,BHP,BHP,US,USD,12. L5 原材料 / 工業氣體 / 電纜,12. L5 原材料 / 工業氣體 / 電纜,Copper / iron ore / commodities,材料 / 化學品,材料 / 化學品,成熟複利,成熟複利,低到中,"EV/EBITDA, P/B, normalized margin","Mid-cycle PB, normalized EBITDA",偏熱,材料股 EV/EBITDA 偏高，需要 commodity spread 支持,complete,88.91,225862090752.0,22.062035,16.713287,17.958,4.183561,4.477289,0.108,0.83085,0.48700002,0.18972999,,,https://finance.yahoo.com/quote/BHP
US,RIO,RIO,Rio Tinto,US,USD,12. L5 原材料 / 工業氣體 / 電纜,12. L5 原材料 / 工業氣體 / 電纜,Copper / aluminum / commodities,材料 / 化學品,材料 / 化學品,成熟複利,成熟複利,低到中,"EV/EBITDA, P/B, normalized margin","Mid-cycle PB, normalized EBITDA",資料不足,材料股需要 mid-cycle EBITDA / ROIC 才能定性,complete,106.39,173016891392.0,17.469622,12.004866,9.466,3.0017853,2.7791855,0.146,0.28124002,0.35194,0.17291,,,https://finance.yahoo.com/quote/RIO
US,NUE,NUE,Nucor,US,USD,12. L5 原材料 / 工業氣體 / 電纜,12. L5 原材料 / 工業氣體 / 電纜,Steel,材料 / 化學品,材料 / 化學品,成熟複利,成熟複利,低到中,"EV/EBITDA, P/B, normalized margin","Mid-cycle PB, normalized EBITDA",資料不足,材料股需要 mid-cycle EBITDA / ROIC 才能定性,complete,250.0,56935235584.0,24.801588,15.8382015,12.651,1.6667223,2.7261624,0.213,0.14062999,0.14502,0.06824,,,https://finance.yahoo.com/quote/NUE
US,STLD,STLD,Steel Dynamics,US,USD,12. L5 原材料 / 工業氣體 / 電纜,12. L5 原材料 / 工業氣體 / 電纜,Steel,材料 / 化學品,材料 / 化學品,成熟複利,成熟複利,低到中,"EV/EBITDA, P/B, normalized margin","Mid-cycle PB, normalized EBITDA",偏熱,材料股 EV/EBITDA 偏高，需要 commodity spread 支持,complete,260.15,37516955648.0,27.853317,15.292361,17.761,1.973305,4.2096148,0.191,0.14038,0.121800005,0.07216,,,https://finance.yahoo.com/quote/STLD
US,AA,AA,Alcoa,US,USD,12. L5 原材料 / 工業氣體 / 電纜,12. L5 原材料 / 工業氣體 / 電纜,Aluminum,材料 / 化學品,材料 / 化學品,成熟複利,成熟複利,低到中,"EV/EBITDA, P/B, normalized margin","Mid-cycle PB, normalized EBITDA",資料不足,材料股需要 mid-cycle EBITDA / ROIC 才能定性,complete,77.64,20488409088.0,19.907692,11.526334,12.825,1.6189972,3.0015075,-0.052,0.16254,0.13402,0.081709996,,,https://finance.yahoo.com/quote/AA
US,LIN,LIN,Linde,US,USD,12. L5 原材料 / 工業氣體 / 電纜,12. L5 原材料 / 工業氣體 / 電纜,Industrial gases,材料 / 化學品,材料 / 化學品,成熟複利,成熟複利,低到中,"EV/EBITDA, P/B, normalized margin","Mid-cycle PB, normalized EBITDA",偏熱,材料股 EV/EBITDA 偏高，需要 commodity spread 支持,complete,497.69,230105628672.0,33.003315,25.250635,18.699,6.6398973,5.9697967,0.082,0.48766,0.39215,0.20436001,,,https://finance.yahoo.com/quote/LIN
US,APD,APD,Air Products,US,USD,12. L5 原材料 / 工業氣體 / 電纜,12. L5 原材料 / 工業氣體 / 電纜,Industrial gases,材料 / 化學品,材料 / 化學品,成熟複利,成熟複利,低到中,"EV/EBITDA, P/B, normalized margin","Mid-cycle PB, normalized EBITDA",偏熱,材料股 EV/EBITDA 偏高，需要 commodity spread 支持,complete,278.62,62043291648.0,29.32842,19.573488,21.155,4.9778395,3.964428,0.088,0.31983998,0.31111,0.16906999,,,https://finance.yahoo.com/quote/APD
